name,sku,type,description,intensity,bestFor,notes,isBestseller,isActive,createdAt,updatedAt,baseOil,blendComponents,minPrice,maxPrice,sizes
Ahsas al Arabia,AhsAra,roll-on,Medium oriental woody floral blend. Best for evening elegance.,medium,evening,oriental woody floral,false,true,2026-06-27T19:11:43.561Z,2026-07-06T18:42:33.793Z,Ahsas al Arabia,,0,1250,"[{""sizeMl"":3,""bottleType"":"""",""sellingPrice"":0,""oilMlUsed"":3,""ethanolMlUsed"":0,""fixativeMlUsed"":0,""makingCost"":0,""bottleId"":""6a3fa869a6a41926cb0c6e7d""},{""sizeMl"":3.5,""bottleType"":"""",""sellingPrice"":150,""oilMlUsed"":3.5,""ethanolMlUsed"":0,""fixativeMlUsed"":0,""makingCost"":0,""bottleId"":""6a3fa869a6a41926cb0c6e7e""},{""sizeMl"":6,""bottleType"":"""",""sellingPrice"":250,""oilMlUsed"":6,""ethanolMlUsed"":0,""fixativeMlUsed"":0,""makingCost"":0,""bottleId"":""6a3fa869a6a41926cb0c6e7f""},{""sizeMl"":15,""bottleType"":"""",""sellingPrice"":650,""oilMlUsed"":15,""ethanolMlUsed"":0,""fixativeMlUsed"":0,""makingCost"":0,""bottleId"":""6a3fa869a6a41926cb0c6e80""},{""sizeMl"":30,""bottleType"":"""",""sellingPrice"":1250,""oilMlUsed"":30,""ethanolMlUsed"":0,""fixativeMlUsed"":0,""makingCost"":0,""bottleId"":""6a3fa869a6a41926cb0c6e81""}]"
Ahsas al Arabia Spray,AhsAra_SP,spray,Medium oriental woody floral blend. Best for evening elegance.,medium,evening,oriental woody floral,false,true,2026-06-27T19:11:44.418Z,2026-07-06T19:59:26.087Z,,Ahsas al Arabia (45%); Ethanol (55%),300,1700,"[{""sizeMl"":6,""bottleType"":"""",""sellingPrice"":300,""oilMlUsed"":2.7,""ethanolMlUsed"":3.3,""fixativeMlUsed"":0,""makingCost"":0,""bottleId"":""6a3fa86aa6a41926cb0c6e82""},{""sizeMl"":15,""bottleType"":"""",""sellingPrice"":700,""oilMlUsed"":6.75,""ethanolMlUsed"":8.25,""fixativeMlUsed"":0,""makingCost"":0,""bottleId"":""6a3fa86aa6a41926cb0c6e83""},{""sizeMl"":30,""bottleType"":"""",""sellingPrice"":1000,""oilMlUsed"":13.5,""ethanolMlUsed"":16.5,""fixativeMlUsed"":0,""makingCost"":0,""bottleId"":""6a3fa86aa6a41926cb0c6e84""},{""sizeMl"":50,""bottleType"":"""",""sellingPrice"":1300,""oilMlUsed"":22.5,""ethanolMlUsed"":27.5,""fixativeMlUsed"":0,""makingCost"":0,""bottleId"":""6a3fa86aa6a41926cb0c6e85""},{""sizeMl"":100,""bottleType"":"""",""sellingPrice"":1700,""oilMlUsed"":45,""ethanolMlUsed"":55,""fixativeMlUsed"":0,""makingCost"":0,""bottleId"":""6a3fa86aa6a41926cb0c6e86""}]"
Ameer Al oud,AmeOud,roll-on,Strong oriental woody spicy fragrance. Perfect for evening sophistication.,strong,evening,oriental woody spicy,false,true,2026-06-27T19:11:41.848Z,2026-07-06T18:42:33.726Z,Ameer Al oud,,0,1250,"[{""sizeMl"":3,""bottleType"":"""",""sellingPrice"":0,""oilMlUsed"":3,""ethanolMlUsed"":0,""fixativeMlUsed"":0,""makingCost"":0,""bottleId"":""6a3fa869a6a41926cb0c6e7d""},{""sizeMl"":3.5,""bottleType"":"""",""sellingPrice"":150,""oilMlUsed"":3.5,""ethanolMlUsed"":0,""fixativeMlUsed"":0,""makingCost"":0,""bottleId"":""6a3fa869a6a41926cb0c6e7e""},{""sizeMl"":6,""bottleType"":"""",""sellingPrice"":250,""oilMlUsed"":6,""ethanolMlUsed"":0,""fixativeMlUsed"":0,""makingCost"":0,""bottleId"":""6a3fa869a6a41926cb0c6e7f""},{""sizeMl"":15,""bottleType"":"""",""sellingPrice"":650,""oilMlUsed"":15,""ethanolMlUsed"":0,""fixativeMlUsed"":0,""makingCost"":0,""bottleId"":""6a3fa869a6a41926cb0c6e80""},{""sizeMl"":30,""bottleType"":"""",""sellingPrice"":1250,""oilMlUsed"":30,""ethanolMlUsed"":0,""fixativeMlUsed"":0,""makingCost"":0,""bottleId"":""6a3fa869a6a41926cb0c6e81""}]"
Ameer Al oud Spray,AmeOud_SP,spray,Strong oriental woody spicy fragrance. Perfect for evening sophistication.,strong,evening,oriental woody spicy,false,true,2026-06-27T19:11:42.701Z,2026-07-06T19:59:25.959Z,,Ameer Al oud (45%); Ethanol (55%),300,1700,"[{""sizeMl"":6,""bottleType"":"""",""sellingPrice"":300,""oilMlUsed"":2.7,""ethanolMlUsed"":3.3,""fixativeMlUsed"":0,""makingCost"":0,""bottleId"":""6a3fa86aa6a41926cb0c6e82""},{""sizeMl"":15,""bottleType"":"""",""sellingPrice"":700,""oilMlUsed"":6.75,""ethanolMlUsed"":8.25,""fixativeMlUsed"":0,""makingCost"":0,""bottleId"":""6a3fa86aa6a41926cb0c6e83""},{""sizeMl"":30,""bottleType"":"""",""sellingPrice"":1000,""oilMlUsed"":13.5,""ethanolMlUsed"":16.5,""fixativeMlUsed"":0,""makingCost"":0,""bottleId"":""6a3fa86aa6a41926cb0c6e84""},{""sizeMl"":50,""bottleType"":"""",""sellingPrice"":1300,""oilMlUsed"":22.5,""ethanolMlUsed"":27.5,""fixativeMlUsed"":0,""makingCost"":0,""bottleId"":""6a3fa86aa6a41926cb0c6e85""},{""sizeMl"":100,""bottleType"":"""",""sellingPrice"":1700,""oilMlUsed"":45,""ethanolMlUsed"":55,""fixativeMlUsed"":0,""makingCost"":0,""bottleId"":""6a3fa86aa6a41926cb0c6e86""}]"
Aqua DI Gio,AquGio,roll-on,Fresh aquatic citrus fragrance. A daytime classic.,medium,daytime,aquatic citrus,false,true,2026-06-27T19:11:47.003Z,2026-07-06T18:42:33.935Z,Aqua DI Gio,,0,1500,"[{""sizeMl"":3,""bottleType"":"""",""sellingPrice"":0,""oilMlUsed"":3,""ethanolMlUsed"":0,""fixativeMlUsed"":0,""makingCost"":0,""bottleId"":""6a3fa869a6a41926cb0c6e7d""},{""sizeMl"":3.5,""bottleType"":"""",""sellingPrice"":180,""oilMlUsed"":3.5,""ethanolMlUsed"":0,""fixativeMlUsed"":0,""makingCost"":0,""bottleId"":""6a3fa869a6a41926cb0c6e7e""},{""sizeMl"":6,""bottleType"":"""",""sellingPrice"":280,""oilMlUsed"":6,""ethanolMlUsed"":0,""fixativeMlUsed"":0,""makingCost"":0,""bottleId"":""6a3fa869a6a41926cb0c6e7f""},{""sizeMl"":15,""bottleType"":"""",""sellingPrice"":750,""oilMlUsed"":15,""ethanolMlUsed"":0,""fixativeMlUsed"":0,""makingCost"":0,""bottleId"":""6a3fa869a6a41926cb0c6e80""},{""sizeMl"":30,""bottleType"":"""",""sellingPrice"":1500,""oilMlUsed"":30,""ethanolMlUsed"":0,""fixativeMlUsed"":0,""makingCost"":0,""bottleId"":""6a3fa869a6a41926cb0c6e81""}]"
Aqua DI Gio Spray,AquGio_SP,spray,Fresh aquatic citrus fragrance. A daytime classic.,medium,daytime,aquatic citrus,false,true,2026-06-27T19:11:47.860Z,2026-07-06T19:59:26.332Z,,Aqua DI Gio (45%); Ethanol (55%),330,1650,"[{""sizeMl"":6,""bottleType"":"""",""sellingPrice"":330,""oilMlUsed"":2.7,""ethanolMlUsed"":3.3,""fixativeMlUsed"":0,""makingCost"":0,""bottleId"":""6a3fa86aa6a41926cb0c6e82""},{""sizeMl"":15,""bottleType"":"""",""sellingPrice"":780,""oilMlUsed"":6.75,""ethanolMlUsed"":8.25,""fixativeMlUsed"":0,""makingCost"":0,""bottleId"":""6a3fa86aa6a41926cb0c6e83""},{""sizeMl"":30,""bottleType"":"""",""sellingPrice"":1050,""oilMlUsed"":13.5,""ethanolMlUsed"":16.5,""fixativeMlUsed"":0,""makingCost"":0,""bottleId"":""6a3fa86aa6a41926cb0c6e84""},{""sizeMl"":50,""bottleType"":"""",""sellingPrice"":1300,""oilMlUsed"":22.5,""ethanolMlUsed"":27.5,""fixativeMlUsed"":0,""makingCost"":0,""bottleId"":""6a3fa86aa6a41926cb0c6e85""},{""sizeMl"":100,""bottleType"":"""",""sellingPrice"":1650,""oilMlUsed"":45,""ethanolMlUsed"":55,""fixativeMlUsed"":0,""makingCost"":0,""bottleId"":""6a3fa86aa6a41926cb0c6e86""}]"
Armanis.w.y,ArmWy,roll-on,Spicy sweet woody fragrance. A strong statement for evening events.,medium,evening,spicy sweet woody,false,true,2026-06-27T19:11:29.563Z,2026-07-06T18:42:33.262Z,Armanis.w.y,,0,1400,"[{""sizeMl"":3,""bottleType"":"""",""sellingPrice"":0,""oilMlUsed"":3,""ethanolMlUsed"":0,""fixativeMlUsed"":0,""makingCost"":0,""bottleId"":""6a3fa869a6a41926cb0c6e7d""},{""sizeMl"":3.5,""bottleType"":"""",""sellingPrice"":150,""oilMlUsed"":3.5,""ethanolMlUsed"":0,""fixativeMlUsed"":0,""makingCost"":0,""bottleId"":""6a3fa869a6a41926cb0c6e7e""},{""sizeMl"":6,""bottleType"":"""",""sellingPrice"":250,""oilMlUsed"":6,""ethanolMlUsed"":0,""fixativeMlUsed"":0,""makingCost"":0,""bottleId"":""6a3fa869a6a41926cb0c6e7f""},{""sizeMl"":15,""bottleType"":"""",""sellingPrice"":700,""oilMlUsed"":15,""ethanolMlUsed"":0,""fixativeMlUsed"":0,""makingCost"":0,""bottleId"":""6a3fa869a6a41926cb0c6e80""},{""sizeMl"":30,""bottleType"":"""",""sellingPrice"":1400,""oilMlUsed"":30,""ethanolMlUsed"":0,""fixativeMlUsed"":0,""makingCost"":0,""bottleId"":""6a3fa869a6a41926cb0c6e81""}]"
Armanis.w.y Spray,ArmWy_SP,spray,Spicy sweet woody fragrance. A strong statement for evening events.,medium,evening,spicy sweet woody,true,true,2026-06-27T19:11:30.435Z,2026-07-06T19:59:25.097Z,,Armanis.w.y (45%); Ethanol (55%),300,1900,"[{""sizeMl"":6,""bottleType"":"""",""sellingPrice"":300,""oilMlUsed"":2.7,""ethanolMlUsed"":3.3,""fixativeMlUsed"":0,""makingCost"":0,""bottleId"":""6a3fa86aa6a41926cb0c6e82""},{""sizeMl"":15,""bottleType"":"""",""sellingPrice"":700,""oilMlUsed"":6.75,""ethanolMlUsed"":8.25,""fixativeMlUsed"":0,""makingCost"":0,""bottleId"":""6a3fa86aa6a41926cb0c6e83""},{""sizeMl"":30,""bottleType"":"""",""sellingPrice"":1100,""oilMlUsed"":13.5,""ethanolMlUsed"":16.5,""fixativeMlUsed"":0,""makingCost"":0,""bottleId"":""6a3fa86aa6a41926cb0c6e84""},{""sizeMl"":50,""bottleType"":"""",""sellingPrice"":1500,""oilMlUsed"":22.5,""ethanolMlUsed"":27.5,""fixativeMlUsed"":0,""makingCost"":0,""bottleId"":""6a3fa86aa6a41926cb0c6e85""},{""sizeMl"":100,""bottleType"":"""",""sellingPrice"":1900,""oilMlUsed"":45,""ethanolMlUsed"":55,""fixativeMlUsed"":0,""makingCost"":0,""bottleId"":""6a3fa86aa6a41926cb0c6e86""}]"
Baccarat rouge,BacRou,roll-on,Luxury saffron amber woody fragrance. For special occasions.,strong,special,saffron amber woody,false,true,2026-06-27T19:11:45.280Z,2026-07-06T18:42:33.868Z,Baccarat rouge,,0,1500,"[{""sizeMl"":3,""bottleType"":"""",""sellingPrice"":0,""oilMlUsed"":3,""ethanolMlUsed"":0,""fixativeMlUsed"":0,""makingCost"":0,""bottleId"":""6a3fa869a6a41926cb0c6e7d""},{""sizeMl"":3.5,""bottleType"":"""",""sellingPrice"":180,""oilMlUsed"":3.5,""ethanolMlUsed"":0,""fixativeMlUsed"":0,""makingCost"":0,""bottleId"":""6a3fa869a6a41926cb0c6e7e""},{""sizeMl"":6,""bottleType"":"""",""sellingPrice"":280,""oilMlUsed"":6,""ethanolMlUsed"":0,""fixativeMlUsed"":0,""makingCost"":0,""bottleId"":""6a3fa869a6a41926cb0c6e7f""},{""sizeMl"":15,""bottleType"":"""",""sellingPrice"":750,""oilMlUsed"":15,""ethanolMlUsed"":0,""fixativeMlUsed"":0,""makingCost"":0,""bottleId"":""6a3fa869a6a41926cb0c6e80""},{""sizeMl"":30,""bottleType"":"""",""sellingPrice"":1500,""oilMlUsed"":30,""ethanolMlUsed"":0,""fixativeMlUsed"":0,""makingCost"":0,""bottleId"":""6a3fa869a6a41926cb0c6e81""}]"
Baccarat rouge Spray,BacRou_SP,spray,Luxury saffron amber woody fragrance. For special occasions.,strong,special,saffron amber woody,false,true,2026-06-27T19:11:46.138Z,2026-07-06T19:59:26.204Z,,Baccarat rouge (45%); Ethanol (55%),330,1650,"[{""sizeMl"":6,""bottleType"":"""",""sellingPrice"":330,""oilMlUsed"":2.7,""ethanolMlUsed"":3.3,""fixativeMlUsed"":0,""makingCost"":0,""bottleId"":""6a3fa86aa6a41926cb0c6e82""},{""sizeMl"":15,""bottleType"":"""",""sellingPrice"":780,""oilMlUsed"":6.75,""ethanolMlUsed"":8.25,""fixativeMlUsed"":0,""makingCost"":0,""bottleId"":""6a3fa86aa6a41926cb0c6e83""},{""sizeMl"":30,""bottleType"":"""",""sellingPrice"":1050,""oilMlUsed"":13.5,""ethanolMlUsed"":16.5,""fixativeMlUsed"":0,""makingCost"":0,""bottleId"":""6a3fa86aa6a41926cb0c6e84""},{""sizeMl"":50,""bottleType"":"""",""sellingPrice"":1300,""oilMlUsed"":22.5,""ethanolMlUsed"":27.5,""fixativeMlUsed"":0,""makingCost"":0,""bottleId"":""6a3fa86aa6a41926cb0c6e85""},{""sizeMl"":100,""bottleType"":"""",""sellingPrice"":1650,""oilMlUsed"":45,""ethanolMlUsed"":55,""fixativeMlUsed"":0,""makingCost"":0,""bottleId"":""6a3fa86aa6a41926cb0c6e86""}]"
Blue berry,BluBer,roll-on,"A light, sweet fruity fragrance with juicy blueberry notes. Perfect for daytime freshness.",light,daytime,fruity sweet,true,true,2026-06-27T19:11:15.386Z,2026-07-06T18:42:32.726Z,Blue berry,,0,1250,"[{""sizeMl"":3,""bottleType"":"""",""sellingPrice"":0,""oilMlUsed"":3,""ethanolMlUsed"":0,""fixativeMlUsed"":0,""makingCost"":0,""bottleId"":""6a3fa869a6a41926cb0c6e7d""},{""sizeMl"":3.5,""bottleType"":"""",""sellingPrice"":150,""oilMlUsed"":3.5,""ethanolMlUsed"":0,""fixativeMlUsed"":0,""makingCost"":0,""bottleId"":""6a3fa869a6a41926cb0c6e7e""},{""sizeMl"":6,""bottleType"":"""",""sellingPrice"":250,""oilMlUsed"":6,""ethanolMlUsed"":0,""fixativeMlUsed"":0,""makingCost"":0,""bottleId"":""6a3fa869a6a41926cb0c6e7f""},{""sizeMl"":15,""bottleType"":"""",""sellingPrice"":650,""oilMlUsed"":15,""ethanolMlUsed"":0,""fixativeMlUsed"":0,""makingCost"":0,""bottleId"":""6a3fa869a6a41926cb0c6e80""},{""sizeMl"":30,""bottleType"":"""",""sellingPrice"":1250,""oilMlUsed"":30,""ethanolMlUsed"":0,""fixativeMlUsed"":0,""makingCost"":0,""bottleId"":""6a3fa869a6a41926cb0c6e81""}]"
Blue berry Spray,BluBer_SP,spray,"A light, sweet fruity fragrance with juicy blueberry notes. Perfect for daytime freshness.",light,daytime,fruity sweet,false,true,2026-06-27T19:11:16.262Z,2026-07-06T19:59:24.253Z,,Blue berry (45%); Ethanol (55%),300,1700,"[{""sizeMl"":6,""bottleType"":"""",""sellingPrice"":300,""oilMlUsed"":2.7,""ethanolMlUsed"":3.3,""fixativeMlUsed"":0,""makingCost"":0,""bottleId"":""6a3fa86aa6a41926cb0c6e82""},{""sizeMl"":15,""bottleType"":"""",""sellingPrice"":700,""oilMlUsed"":6.75,""ethanolMlUsed"":8.25,""fixativeMlUsed"":0,""makingCost"":0,""bottleId"":""6a3fa86aa6a41926cb0c6e83""},{""sizeMl"":30,""bottleType"":"""",""sellingPrice"":1000,""oilMlUsed"":13.5,""ethanolMlUsed"":16.5,""fixativeMlUsed"":0,""makingCost"":0,""bottleId"":""6a3fa86aa6a41926cb0c6e84""},{""sizeMl"":50,""bottleType"":"""",""sellingPrice"":1300,""oilMlUsed"":22.5,""ethanolMlUsed"":27.5,""fixativeMlUsed"":0,""makingCost"":0,""bottleId"":""6a3fa86aa6a41926cb0c6e85""},{""sizeMl"":100,""bottleType"":"""",""sellingPrice"":1700,""oilMlUsed"":45,""ethanolMlUsed"":55,""fixativeMlUsed"":0,""makingCost"":0,""bottleId"":""6a3fa86aa6a41926cb0c6e86""}]"
Blue de Chanel,BluCha,roll-on,Fresh citrus with a woody base. Versatile for any occasion.,medium,all,citrus woody fresh,false,true,2026-06-27T19:11:25.981Z,2026-07-06T18:42:33.131Z,Blue de Chanel,,0,1650,"[{""sizeMl"":3,""bottleType"":"""",""sellingPrice"":0,""oilMlUsed"":3,""ethanolMlUsed"":0,""fixativeMlUsed"":0,""makingCost"":0,""bottleId"":""6a3fa869a6a41926cb0c6e7d""},{""sizeMl"":3.5,""bottleType"":"""",""sellingPrice"":1300,""oilMlUsed"":3.5,""ethanolMlUsed"":0,""fixativeMlUsed"":0,""makingCost"":0,""bottleId"":""6a3fa869a6a41926cb0c6e7e""},{""sizeMl"":6,""bottleType"":"""",""sellingPrice"":1650,""oilMlUsed"":6,""ethanolMlUsed"":0,""fixativeMlUsed"":0,""makingCost"":0,""bottleId"":""6a3fa869a6a41926cb0c6e7f""},{""sizeMl"":15,""bottleType"":"""",""sellingPrice"":180,""oilMlUsed"":15,""ethanolMlUsed"":0,""fixativeMlUsed"":0,""makingCost"":0,""bottleId"":""6a3fa869a6a41926cb0c6e80""},{""sizeMl"":30,""bottleType"":"""",""sellingPrice"":280,""oilMlUsed"":30,""ethanolMlUsed"":0,""fixativeMlUsed"":0,""makingCost"":0,""bottleId"":""6a3fa869a6a41926cb0c6e81""}]"
Blue de Chanel Spray,BluCha_SP,spray,Fresh citrus with a woody base. Versatile for any occasion.,medium,all,citrus woody fresh,false,true,2026-06-27T19:11:26.833Z,2026-07-06T19:59:24.857Z,,Blue de Chanel (45%); Ethanol (55%),330,1050,"[{""sizeMl"":6,""bottleType"":"""",""sellingPrice"":330,""oilMlUsed"":2.7,""ethanolMlUsed"":3.3,""fixativeMlUsed"":0,""makingCost"":0,""bottleId"":""6a3fa86aa6a41926cb0c6e82""},{""sizeMl"":15,""bottleType"":"""",""sellingPrice"":780,""oilMlUsed"":6.75,""ethanolMlUsed"":8.25,""fixativeMlUsed"":0,""makingCost"":0,""bottleId"":""6a3fa86aa6a41926cb0c6e83""},{""sizeMl"":30,""bottleType"":"""",""sellingPrice"":330,""oilMlUsed"":13.5,""ethanolMlUsed"":16.5,""fixativeMlUsed"":0,""makingCost"":0,""bottleId"":""6a3fa86aa6a41926cb0c6e84""},{""sizeMl"":50,""bottleType"":"""",""sellingPrice"":780,""oilMlUsed"":22.5,""ethanolMlUsed"":27.5,""fixativeMlUsed"":0,""makingCost"":0,""bottleId"":""6a3fa86aa6a41926cb0c6e85""},{""sizeMl"":100,""bottleType"":"""",""sellingPrice"":1050,""oilMlUsed"":45,""ethanolMlUsed"":55,""fixativeMlUsed"":0,""makingCost"":0,""bottleId"":""6a3fa86aa6a41926cb0c6e86""}]"
Burberry Her,BurH,roll-on,Medium floral fruity fragrance. A modern daytime classic.,medium,daytime,floral fruity,false,true,2026-06-27T19:11:59.167Z,2026-07-06T18:42:34.395Z,Burberry Her,,0,1500,"[{""sizeMl"":3,""bottleType"":"""",""sellingPrice"":0,""oilMlUsed"":3,""ethanolMlUsed"":0,""fixativeMlUsed"":0,""makingCost"":0,""bottleId"":""6a3fa869a6a41926cb0c6e7d""},{""sizeMl"":3.5,""bottleType"":"""",""sellingPrice"":180,""oilMlUsed"":3.5,""ethanolMlUsed"":0,""fixativeMlUsed"":0,""makingCost"":0,""bottleId"":""6a3fa869a6a41926cb0c6e7e""},{""sizeMl"":6,""bottleType"":"""",""sellingPrice"":280,""oilMlUsed"":6,""ethanolMlUsed"":0,""fixativeMlUsed"":0,""makingCost"":0,""bottleId"":""6a3fa869a6a41926cb0c6e7f""},{""sizeMl"":15,""bottleType"":"""",""sellingPrice"":750,""oilMlUsed"":15,""ethanolMlUsed"":0,""fixativeMlUsed"":0,""makingCost"":0,""bottleId"":""6a3fa869a6a41926cb0c6e80""},{""sizeMl"":30,""bottleType"":"""",""sellingPrice"":1500,""oilMlUsed"":30,""ethanolMlUsed"":0,""fixativeMlUsed"":0,""makingCost"":0,""bottleId"":""6a3fa869a6a41926cb0c6e81""}]"
Burberry Her Spray,BurH_SP,spray,Medium floral fruity fragrance. A modern daytime classic.,medium,daytime,floral fruity,false,true,2026-06-27T19:12:00.044Z,2026-07-06T19:59:27.169Z,,Burberry Her (45%); Ethanol (55%),330,1650,"[{""sizeMl"":6,""bottleType"":"""",""sellingPrice"":330,""oilMlUsed"":2.7,""ethanolMlUsed"":3.3,""fixativeMlUsed"":0,""makingCost"":0,""bottleId"":""6a3fa86aa6a41926cb0c6e82""},{""sizeMl"":15,""bottleType"":"""",""sellingPrice"":780,""oilMlUsed"":6.75,""ethanolMlUsed"":8.25,""fixativeMlUsed"":0,""makingCost"":0,""bottleId"":""6a3fa86aa6a41926cb0c6e83""},{""sizeMl"":30,""bottleType"":"""",""sellingPrice"":1050,""oilMlUsed"":13.5,""ethanolMlUsed"":16.5,""fixativeMlUsed"":0,""makingCost"":0,""bottleId"":""6a3fa86aa6a41926cb0c6e84""},{""sizeMl"":50,""bottleType"":"""",""sellingPrice"":1300,""oilMlUsed"":22.5,""ethanolMlUsed"":27.5,""fixativeMlUsed"":0,""makingCost"":0,""bottleId"":""6a3fa86aa6a41926cb0c6e85""},{""sizeMl"":100,""bottleType"":"""",""sellingPrice"":1650,""oilMlUsed"":45,""ethanolMlUsed"":55,""fixativeMlUsed"":0,""makingCost"":0,""bottleId"":""6a3fa86aa6a41926cb0c6e86""}]"
CK-1,CK1,roll-on,Unisex fresh citrus fragrance with green notes. A timeless daytime scent.,light,daytime,citrus fresh green,false,true,2026-06-27T19:11:19.064Z,2026-07-06T18:42:32.856Z,CK-1,,0,1250,"[{""sizeMl"":3,""bottleType"":"""",""sellingPrice"":0,""oilMlUsed"":3,""ethanolMlUsed"":0,""fixativeMlUsed"":0,""makingCost"":0,""bottleId"":""6a3fa869a6a41926cb0c6e7d""},{""sizeMl"":3.5,""bottleType"":"""",""sellingPrice"":150,""oilMlUsed"":3.5,""ethanolMlUsed"":0,""fixativeMlUsed"":0,""makingCost"":0,""bottleId"":""6a3fa869a6a41926cb0c6e7e""},{""sizeMl"":6,""bottleType"":"""",""sellingPrice"":250,""oilMlUsed"":6,""ethanolMlUsed"":0,""fixativeMlUsed"":0,""makingCost"":0,""bottleId"":""6a3fa869a6a41926cb0c6e7f""},{""sizeMl"":15,""bottleType"":"""",""sellingPrice"":650,""oilMlUsed"":15,""ethanolMlUsed"":0,""fixativeMlUsed"":0,""makingCost"":0,""bottleId"":""6a3fa869a6a41926cb0c6e80""},{""sizeMl"":30,""bottleType"":"""",""sellingPrice"":1250,""oilMlUsed"":30,""ethanolMlUsed"":0,""fixativeMlUsed"":0,""makingCost"":0,""bottleId"":""6a3fa869a6a41926cb0c6e81""}]"
CK-1 Spray,CK1_SP,spray,Unisex fresh citrus fragrance with green notes. A timeless daytime scent.,light,daytime,citrus fresh green,false,true,2026-06-27T19:11:19.918Z,2026-07-06T19:59:24.496Z,,CK-1 (45%); Ethanol (55%),300,1700,"[{""sizeMl"":6,""bottleType"":"""",""sellingPrice"":300,""oilMlUsed"":2.7,""ethanolMlUsed"":3.3,""fixativeMlUsed"":0,""makingCost"":0,""bottleId"":""6a3fa86aa6a41926cb0c6e82""},{""sizeMl"":15,""bottleType"":"""",""sellingPrice"":700,""oilMlUsed"":6.75,""ethanolMlUsed"":8.25,""fixativeMlUsed"":0,""makingCost"":0,""bottleId"":""6a3fa86aa6a41926cb0c6e83""},{""sizeMl"":30,""bottleType"":"""",""sellingPrice"":1000,""oilMlUsed"":13.5,""ethanolMlUsed"":16.5,""fixativeMlUsed"":0,""makingCost"":0,""bottleId"":""6a3fa86aa6a41926cb0c6e84""},{""sizeMl"":50,""bottleType"":"""",""sellingPrice"":1300,""oilMlUsed"":22.5,""ethanolMlUsed"":27.5,""fixativeMlUsed"":0,""makingCost"":0,""bottleId"":""6a3fa86aa6a41926cb0c6e85""},{""sizeMl"":100,""bottleType"":"""",""sellingPrice"":1700,""oilMlUsed"":45,""ethanolMlUsed"":55,""fixativeMlUsed"":0,""makingCost"":0,""bottleId"":""6a3fa86aa6a41926cb0c6e86""}]"
Chanel chance,ChaCha,roll-on,Fresh floral fragrance for any occasion. Light and elegant.,medium,all,floral fresh,false,true,2026-06-27T19:11:55.769Z,2026-07-06T18:42:34.264Z,Chanel chance,,0,1500,"[{""sizeMl"":3,""bottleType"":"""",""sellingPrice"":0,""oilMlUsed"":3,""ethanolMlUsed"":0,""fixativeMlUsed"":0,""makingCost"":0,""bottleId"":""6a3fa869a6a41926cb0c6e7d""},{""sizeMl"":3.5,""bottleType"":"""",""sellingPrice"":180,""oilMlUsed"":3.5,""ethanolMlUsed"":0,""fixativeMlUsed"":0,""makingCost"":0,""bottleId"":""6a3fa869a6a41926cb0c6e7e""},{""sizeMl"":6,""bottleType"":"""",""sellingPrice"":280,""oilMlUsed"":6,""ethanolMlUsed"":0,""fixativeMlUsed"":0,""makingCost"":0,""bottleId"":""6a3fa869a6a41926cb0c6e7f""},{""sizeMl"":15,""bottleType"":"""",""sellingPrice"":750,""oilMlUsed"":15,""ethanolMlUsed"":0,""fixativeMlUsed"":0,""makingCost"":0,""bottleId"":""6a3fa869a6a41926cb0c6e80""},{""sizeMl"":30,""bottleType"":"""",""sellingPrice"":1500,""oilMlUsed"":30,""ethanolMlUsed"":0,""fixativeMlUsed"":0,""makingCost"":0,""bottleId"":""6a3fa869a6a41926cb0c6e81""}]"
Chanel chance Spray,ChaCha_SP,spray,Fresh floral fragrance for any occasion. Light and elegant.,medium,all,floral fresh,false,true,2026-06-27T19:11:56.622Z,2026-07-06T19:59:26.931Z,,Chanel chance (45%); Ethanol (55%),330,1650,"[{""sizeMl"":6,""bottleType"":"""",""sellingPrice"":330,""oilMlUsed"":2.7,""ethanolMlUsed"":3.3,""fixativeMlUsed"":0,""makingCost"":0,""bottleId"":""6a3fa86aa6a41926cb0c6e82""},{""sizeMl"":15,""bottleType"":"""",""sellingPrice"":780,""oilMlUsed"":6.75,""ethanolMlUsed"":8.25,""fixativeMlUsed"":0,""makingCost"":0,""bottleId"":""6a3fa86aa6a41926cb0c6e83""},{""sizeMl"":30,""bottleType"":"""",""sellingPrice"":1050,""oilMlUsed"":13.5,""ethanolMlUsed"":16.5,""fixativeMlUsed"":0,""makingCost"":0,""bottleId"":""6a3fa86aa6a41926cb0c6e84""},{""sizeMl"":50,""bottleType"":"""",""sellingPrice"":1300,""oilMlUsed"":22.5,""ethanolMlUsed"":27.5,""fixativeMlUsed"":0,""makingCost"":0,""bottleId"":""6a3fa86aa6a41926cb0c6e85""},{""sizeMl"":100,""bottleType"":"""",""sellingPrice"":1650,""oilMlUsed"":45,""ethanolMlUsed"":55,""fixativeMlUsed"":0,""makingCost"":0,""bottleId"":""6a3fa86aa6a41926cb0c6e86""}]"
Chocolate,CoCo,roll-on,Light gourmand sweet fragrance. Delicious and comforting.,light,daytime,gourmand sweet,false,true,2026-06-27T19:11:57.468Z,2026-07-06T18:42:34.329Z,Chocolate,,0,1250,"[{""sizeMl"":3,""bottleType"":"""",""sellingPrice"":0,""oilMlUsed"":3,""ethanolMlUsed"":0,""fixativeMlUsed"":0,""makingCost"":0,""bottleId"":""6a3fa869a6a41926cb0c6e7d""},{""sizeMl"":3.5,""bottleType"":"""",""sellingPrice"":150,""oilMlUsed"":3.5,""ethanolMlUsed"":0,""fixativeMlUsed"":0,""makingCost"":0,""bottleId"":""6a3fa869a6a41926cb0c6e7e""},{""sizeMl"":6,""bottleType"":"""",""sellingPrice"":250,""oilMlUsed"":6,""ethanolMlUsed"":0,""fixativeMlUsed"":0,""makingCost"":0,""bottleId"":""6a3fa869a6a41926cb0c6e7f""},{""sizeMl"":15,""bottleType"":"""",""sellingPrice"":650,""oilMlUsed"":15,""ethanolMlUsed"":0,""fixativeMlUsed"":0,""makingCost"":0,""bottleId"":""6a3fa869a6a41926cb0c6e80""},{""sizeMl"":30,""bottleType"":"""",""sellingPrice"":1250,""oilMlUsed"":30,""ethanolMlUsed"":0,""fixativeMlUsed"":0,""makingCost"":0,""bottleId"":""6a3fa869a6a41926cb0c6e81""}]"
Chocolate Spray,CoCo_SP,spray,Light gourmand sweet fragrance. Delicious and comforting.,light,daytime,gourmand sweet,false,true,2026-06-27T19:11:58.321Z,2026-07-06T19:59:27.055Z,,Chocolate (45%); Ethanol (55%),300,1700,"[{""sizeMl"":6,""bottleType"":"""",""sellingPrice"":300,""oilMlUsed"":2.7,""ethanolMlUsed"":3.3,""fixativeMlUsed"":0,""makingCost"":0,""bottleId"":""6a3fa86aa6a41926cb0c6e82""},{""sizeMl"":15,""bottleType"":"""",""sellingPrice"":700,""oilMlUsed"":6.75,""ethanolMlUsed"":8.25,""fixativeMlUsed"":0,""makingCost"":0,""bottleId"":""6a3fa86aa6a41926cb0c6e83""},{""sizeMl"":30,""bottleType"":"""",""sellingPrice"":1000,""oilMlUsed"":13.5,""ethanolMlUsed"":16.5,""fixativeMlUsed"":0,""makingCost"":0,""bottleId"":""6a3fa86aa6a41926cb0c6e84""},{""sizeMl"":50,""bottleType"":"""",""sellingPrice"":1300,""oilMlUsed"":22.5,""ethanolMlUsed"":27.5,""fixativeMlUsed"":0,""makingCost"":0,""bottleId"":""6a3fa86aa6a41926cb0c6e85""},{""sizeMl"":100,""bottleType"":"""",""sellingPrice"":1700,""oilMlUsed"":45,""ethanolMlUsed"":55,""fixativeMlUsed"":0,""makingCost"":0,""bottleId"":""6a3fa86aa6a41926cb0c6e86""}]"
Creed Aventus,CreAve,roll-on,Strong fruity woody smoky fragrance. A statement evening scent.,strong,evening,fruity woody smoky,false,true,2026-06-27T19:12:13.050Z,2026-07-06T18:42:34.935Z,Creed Aventus,,0,1250,"[{""sizeMl"":3,""bottleType"":"""",""sellingPrice"":0,""oilMlUsed"":3,""ethanolMlUsed"":0,""fixativeMlUsed"":0,""makingCost"":0,""bottleId"":""6a3fa869a6a41926cb0c6e7d""},{""sizeMl"":3.5,""bottleType"":"""",""sellingPrice"":150,""oilMlUsed"":3.5,""ethanolMlUsed"":0,""fixativeMlUsed"":0,""makingCost"":0,""bottleId"":""6a3fa869a6a41926cb0c6e7e""},{""sizeMl"":6,""bottleType"":"""",""sellingPrice"":250,""oilMlUsed"":6,""ethanolMlUsed"":0,""fixativeMlUsed"":0,""makingCost"":0,""bottleId"":""6a3fa869a6a41926cb0c6e7f""},{""sizeMl"":15,""bottleType"":"""",""sellingPrice"":650,""oilMlUsed"":15,""ethanolMlUsed"":0,""fixativeMlUsed"":0,""makingCost"":0,""bottleId"":""6a3fa869a6a41926cb0c6e80""},{""sizeMl"":30,""bottleType"":"""",""sellingPrice"":1250,""oilMlUsed"":30,""ethanolMlUsed"":0,""fixativeMlUsed"":0,""makingCost"":0,""bottleId"":""6a3fa869a6a41926cb0c6e81""}]"
Creed Aventus Spray,CreAve_SP,spray,Strong fruity woody smoky fragrance. A statement evening scent.,strong,evening,fruity woody smoky,false,true,2026-06-27T19:12:13.918Z,2026-07-06T19:59:28.172Z,,Creed Aventus (45%); Ethanol (55%),300,1700,"[{""sizeMl"":6,""bottleType"":"""",""sellingPrice"":300,""oilMlUsed"":2.7,""ethanolMlUsed"":3.3,""fixativeMlUsed"":0,""makingCost"":0,""bottleId"":""6a3fa86aa6a41926cb0c6e82""},{""sizeMl"":15,""bottleType"":"""",""sellingPrice"":700,""oilMlUsed"":6.75,""ethanolMlUsed"":8.25,""fixativeMlUsed"":0,""makingCost"":0,""bottleId"":""6a3fa86aa6a41926cb0c6e83""},{""sizeMl"":30,""bottleType"":"""",""sellingPrice"":1000,""oilMlUsed"":13.5,""ethanolMlUsed"":16.5,""fixativeMlUsed"":0,""makingCost"":0,""bottleId"":""6a3fa86aa6a41926cb0c6e84""},{""sizeMl"":50,""bottleType"":"""",""sellingPrice"":1300,""oilMlUsed"":22.5,""ethanolMlUsed"":27.5,""fixativeMlUsed"":0,""makingCost"":0,""bottleId"":""6a3fa86aa6a41926cb0c6e85""},{""sizeMl"":100,""bottleType"":"""",""sellingPrice"":1700,""oilMlUsed"":45,""ethanolMlUsed"":55,""fixativeMlUsed"":0,""makingCost"":0,""bottleId"":""6a3fa86aa6a41926cb0c6e86""}]"
Creed absolute,CreAbs,roll-on,Strong woody floral fragrance. For special occasions.,strong,special,woody floral,false,true,2026-06-27T19:12:16.615Z,2026-07-06T18:42:35.066Z,Creed absolute,,0,1950,"[{""sizeMl"":3,""bottleType"":"""",""sellingPrice"":0,""oilMlUsed"":3,""ethanolMlUsed"":0,""fixativeMlUsed"":0,""makingCost"":0,""bottleId"":""6a3fa869a6a41926cb0c6e7d""},{""sizeMl"":3.5,""bottleType"":"""",""sellingPrice"":230,""oilMlUsed"":3.5,""ethanolMlUsed"":0,""fixativeMlUsed"":0,""makingCost"":0,""bottleId"":""6a3fa869a6a41926cb0c6e7e""},{""sizeMl"":6,""bottleType"":"""",""sellingPrice"":400,""oilMlUsed"":6,""ethanolMlUsed"":0,""fixativeMlUsed"":0,""makingCost"":0,""bottleId"":""6a3fa869a6a41926cb0c6e7f""},{""sizeMl"":15,""bottleType"":"""",""sellingPrice"":950,""oilMlUsed"":15,""ethanolMlUsed"":0,""fixativeMlUsed"":0,""makingCost"":0,""bottleId"":""6a3fa869a6a41926cb0c6e80""},{""sizeMl"":30,""bottleType"":"""",""sellingPrice"":1950,""oilMlUsed"":30,""ethanolMlUsed"":0,""fixativeMlUsed"":0,""makingCost"":0,""bottleId"":""6a3fa869a6a41926cb0c6e81""}]"
Creed absolute Spray,CreAbs_SP,spray,Strong woody floral fragrance. For special occasions.,strong,special,woody floral,false,true,2026-06-27T19:12:17.496Z,2026-07-06T19:59:28.407Z,,Creed absolute (45%); Ethanol (55%),450,4000,"[{""sizeMl"":6,""bottleType"":"""",""sellingPrice"":450,""oilMlUsed"":2.7,""ethanolMlUsed"":3.3,""fixativeMlUsed"":0,""makingCost"":0,""bottleId"":""6a3fa86aa6a41926cb0c6e82""},{""sizeMl"":15,""bottleType"":"""",""sellingPrice"":1000,""oilMlUsed"":6.75,""ethanolMlUsed"":8.25,""fixativeMlUsed"":0,""makingCost"":0,""bottleId"":""6a3fa86aa6a41926cb0c6e83""},{""sizeMl"":30,""bottleType"":"""",""sellingPrice"":1800,""oilMlUsed"":13.5,""ethanolMlUsed"":16.5,""fixativeMlUsed"":0,""makingCost"":0,""bottleId"":""6a3fa86aa6a41926cb0c6e84""},{""sizeMl"":50,""bottleType"":"""",""sellingPrice"":2800,""oilMlUsed"":22.5,""ethanolMlUsed"":27.5,""fixativeMlUsed"":0,""makingCost"":0,""bottleId"":""6a3fa86aa6a41926cb0c6e85""},{""sizeMl"":100,""bottleType"":"""",""sellingPrice"":4000,""oilMlUsed"":45,""ethanolMlUsed"":55,""fixativeMlUsed"":0,""makingCost"":0,""bottleId"":""6a3fa86aa6a41926cb0c6e86""}]"
Davidoff Cool Water,DavCoo,roll-on,"Fresh aquatic fragrance with a clean, refreshing scent. Ideal for daytime.",medium,daytime,aquatic fresh,false,true,2026-06-27T19:11:40.002Z,2026-07-06T18:42:33.657Z,Davidoff Cool Water,,0,1250,"[{""sizeMl"":3,""bottleType"":"""",""sellingPrice"":0,""oilMlUsed"":3,""ethanolMlUsed"":0,""fixativeMlUsed"":0,""makingCost"":0,""bottleId"":""6a3fa869a6a41926cb0c6e7d""},{""sizeMl"":3.5,""bottleType"":"""",""sellingPrice"":150,""oilMlUsed"":3.5,""ethanolMlUsed"":0,""fixativeMlUsed"":0,""makingCost"":0,""bottleId"":""6a3fa869a6a41926cb0c6e7e""},{""sizeMl"":6,""bottleType"":"""",""sellingPrice"":250,""oilMlUsed"":6,""ethanolMlUsed"":0,""fixativeMlUsed"":0,""makingCost"":0,""bottleId"":""6a3fa869a6a41926cb0c6e7f""},{""sizeMl"":15,""bottleType"":"""",""sellingPrice"":650,""oilMlUsed"":15,""ethanolMlUsed"":0,""fixativeMlUsed"":0,""makingCost"":0,""bottleId"":""6a3fa869a6a41926cb0c6e80""},{""sizeMl"":30,""bottleType"":"""",""sellingPrice"":1250,""oilMlUsed"":30,""ethanolMlUsed"":0,""fixativeMlUsed"":0,""makingCost"":0,""bottleId"":""6a3fa869a6a41926cb0c6e81""}]"
Davidoff Cool Water Spray,DavCoo_SP,spray,"Fresh aquatic fragrance with a clean, refreshing scent. Ideal for daytime.",medium,daytime,aquatic fresh,true,true,2026-06-27T19:11:40.961Z,2026-07-06T19:59:25.837Z,,Davidoff Cool Water (45%); Ethanol (55%),300,1700,"[{""sizeMl"":6,""bottleType"":"""",""sellingPrice"":300,""oilMlUsed"":2.7,""ethanolMlUsed"":3.3,""fixativeMlUsed"":0,""makingCost"":0,""bottleId"":""6a3fa86aa6a41926cb0c6e82""},{""sizeMl"":15,""bottleType"":"""",""sellingPrice"":700,""oilMlUsed"":6.75,""ethanolMlUsed"":8.25,""fixativeMlUsed"":0,""makingCost"":0,""bottleId"":""6a3fa86aa6a41926cb0c6e83""},{""sizeMl"":30,""bottleType"":"""",""sellingPrice"":1000,""oilMlUsed"":13.5,""ethanolMlUsed"":16.5,""fixativeMlUsed"":0,""makingCost"":0,""bottleId"":""6a3fa86aa6a41926cb0c6e84""},{""sizeMl"":50,""bottleType"":"""",""sellingPrice"":1300,""oilMlUsed"":22.5,""ethanolMlUsed"":27.5,""fixativeMlUsed"":0,""makingCost"":0,""bottleId"":""6a3fa86aa6a41926cb0c6e85""},{""sizeMl"":100,""bottleType"":"""",""sellingPrice"":1700,""oilMlUsed"":45,""ethanolMlUsed"":55,""fixativeMlUsed"":0,""makingCost"":0,""bottleId"":""6a3fa86aa6a41926cb0c6e86""}]"
Dior Sauvage,DioSau,roll-on,Spicy fresh woody fragrance with strong character. Suitable for all occasions.,strong,all,spicy fresh woody,true,true,2026-06-27T19:11:31.289Z,2026-07-06T18:42:33.330Z,Dior Sauvage,,0,1500,"[{""sizeMl"":3,""bottleType"":"""",""sellingPrice"":0,""oilMlUsed"":3,""ethanolMlUsed"":0,""fixativeMlUsed"":0,""makingCost"":0,""bottleId"":""6a3fa869a6a41926cb0c6e7d""},{""sizeMl"":3.5,""bottleType"":"""",""sellingPrice"":180,""oilMlUsed"":3.5,""ethanolMlUsed"":0,""fixativeMlUsed"":0,""makingCost"":0,""bottleId"":""6a3fa869a6a41926cb0c6e7e""},{""sizeMl"":6,""bottleType"":"""",""sellingPrice"":300,""oilMlUsed"":6,""ethanolMlUsed"":0,""fixativeMlUsed"":0,""makingCost"":0,""bottleId"":""6a3fa869a6a41926cb0c6e7f""},{""sizeMl"":15,""bottleType"":"""",""sellingPrice"":750,""oilMlUsed"":15,""ethanolMlUsed"":0,""fixativeMlUsed"":0,""makingCost"":0,""bottleId"":""6a3fa869a6a41926cb0c6e80""},{""sizeMl"":30,""bottleType"":"""",""sellingPrice"":1500,""oilMlUsed"":30,""ethanolMlUsed"":0,""fixativeMlUsed"":0,""makingCost"":0,""bottleId"":""6a3fa869a6a41926cb0c6e81""}]"
Dior Sauvage Spray,DioSau_SP,spray,Spicy fresh woody fragrance with strong character. Suitable for all occasions.,strong,all,spicy fresh woody,true,true,2026-06-27T19:11:32.151Z,2026-07-06T19:59:25.217Z,,Dior Sauvage (45%); Ethanol (55%),330,1800,"[{""sizeMl"":6,""bottleType"":"""",""sellingPrice"":330,""oilMlUsed"":2.7,""ethanolMlUsed"":3.3,""fixativeMlUsed"":0,""makingCost"":0,""bottleId"":""6a3fa86aa6a41926cb0c6e82""},{""sizeMl"":15,""bottleType"":"""",""sellingPrice"":800,""oilMlUsed"":6.75,""ethanolMlUsed"":8.25,""fixativeMlUsed"":0,""makingCost"":0,""bottleId"":""6a3fa86aa6a41926cb0c6e83""},{""sizeMl"":30,""bottleType"":"""",""sellingPrice"":1100,""oilMlUsed"":13.5,""ethanolMlUsed"":16.5,""fixativeMlUsed"":0,""makingCost"":0,""bottleId"":""6a3fa86aa6a41926cb0c6e84""},{""sizeMl"":50,""bottleType"":"""",""sellingPrice"":1400,""oilMlUsed"":22.5,""ethanolMlUsed"":27.5,""fixativeMlUsed"":0,""makingCost"":0,""bottleId"":""6a3fa86aa6a41926cb0c6e85""},{""sizeMl"":100,""bottleType"":"""",""sellingPrice"":1800,""oilMlUsed"":45,""ethanolMlUsed"":55,""fixativeMlUsed"":0,""makingCost"":0,""bottleId"":""6a3fa86aa6a41926cb0c6e86""}]"
Diptyque tam dao,DipTam,roll-on,Medium woody spicy fragrance. Calming and elegant.,medium,evening,woody spicy,false,true,2026-06-27T19:12:11.316Z,2026-07-06T18:42:34.867Z,Diptyque tam dao,,0,1450,"[{""sizeMl"":3,""bottleType"":"""",""sellingPrice"":0,""oilMlUsed"":3,""ethanolMlUsed"":0,""fixativeMlUsed"":0,""makingCost"":0,""bottleId"":""6a3fa869a6a41926cb0c6e7d""},{""sizeMl"":3.5,""bottleType"":"""",""sellingPrice"":200,""oilMlUsed"":3.5,""ethanolMlUsed"":0,""fixativeMlUsed"":0,""makingCost"":0,""bottleId"":""6a3fa869a6a41926cb0c6e7e""},{""sizeMl"":6,""bottleType"":"""",""sellingPrice"":300,""oilMlUsed"":6,""ethanolMlUsed"":0,""fixativeMlUsed"":0,""makingCost"":0,""bottleId"":""6a3fa869a6a41926cb0c6e7f""},{""sizeMl"":15,""bottleType"":"""",""sellingPrice"":800,""oilMlUsed"":15,""ethanolMlUsed"":0,""fixativeMlUsed"":0,""makingCost"":0,""bottleId"":""6a3fa869a6a41926cb0c6e80""},{""sizeMl"":30,""bottleType"":"""",""sellingPrice"":1450,""oilMlUsed"":30,""ethanolMlUsed"":0,""fixativeMlUsed"":0,""makingCost"":0,""bottleId"":""6a3fa869a6a41926cb0c6e81""}]"
Diptyque tam dao Spray,DipTam_SP,spray,Medium woody spicy fragrance. Calming and elegant.,medium,evening,woody spicy,false,true,2026-06-27T19:12:12.196Z,2026-07-06T19:59:28.054Z,,Diptyque tam dao (45%); Ethanol (55%),350,2500,"[{""sizeMl"":6,""bottleType"":"""",""sellingPrice"":350,""oilMlUsed"":2.7,""ethanolMlUsed"":3.3,""fixativeMlUsed"":0,""makingCost"":0,""bottleId"":""6a3fa86aa6a41926cb0c6e82""},{""sizeMl"":15,""bottleType"":"""",""sellingPrice"":850,""oilMlUsed"":6.75,""ethanolMlUsed"":8.25,""fixativeMlUsed"":0,""makingCost"":0,""bottleId"":""6a3fa86aa6a41926cb0c6e83""},{""sizeMl"":30,""bottleType"":"""",""sellingPrice"":1500,""oilMlUsed"":13.5,""ethanolMlUsed"":16.5,""fixativeMlUsed"":0,""makingCost"":0,""bottleId"":""6a3fa86aa6a41926cb0c6e84""},{""sizeMl"":50,""bottleType"":"""",""sellingPrice"":1900,""oilMlUsed"":22.5,""ethanolMlUsed"":27.5,""fixativeMlUsed"":0,""makingCost"":0,""bottleId"":""6a3fa86aa6a41926cb0c6e85""},{""sizeMl"":100,""bottleType"":"""",""sellingPrice"":2500,""oilMlUsed"":45,""ethanolMlUsed"":55,""fixativeMlUsed"":0,""makingCost"":0,""bottleId"":""6a3fa86aa6a41926cb0c6e86""}]"
Dunhil desire,DunDes,roll-on,"A warm, masculine fragrance with amber and woody notes. Perfect for evening occasions.",medium,evening,amber woody,true,true,2026-06-27T19:11:11.878Z,2026-07-06T18:37:54.897Z,Dunhil desire,,0,1250,"[{""sizeMl"":3,""bottleType"":"""",""sellingPrice"":0,""oilMlUsed"":0,""ethanolMlUsed"":0,""fixativeMlUsed"":0,""makingCost"":0,""bottleId"":""6a3fa869a6a41926cb0c6e7d""},{""sizeMl"":3.5,""bottleType"":"""",""sellingPrice"":150,""oilMlUsed"":0,""ethanolMlUsed"":0,""fixativeMlUsed"":0,""makingCost"":0,""bottleId"":""6a3fa869a6a41926cb0c6e7e""},{""sizeMl"":6,""bottleType"":"""",""sellingPrice"":250,""oilMlUsed"":0,""ethanolMlUsed"":0,""fixativeMlUsed"":0,""makingCost"":0,""bottleId"":""6a3fa869a6a41926cb0c6e7f""},{""sizeMl"":15,""bottleType"":"""",""sellingPrice"":650,""oilMlUsed"":0,""ethanolMlUsed"":0,""fixativeMlUsed"":0,""makingCost"":0,""bottleId"":""6a3fa869a6a41926cb0c6e80""},{""sizeMl"":30,""bottleType"":"""",""sellingPrice"":1250,""oilMlUsed"":0,""ethanolMlUsed"":0,""fixativeMlUsed"":0,""makingCost"":0,""bottleId"":""6a3fa869a6a41926cb0c6e81""}]"
Dunhil desire Spray,DunDes_SP,spray,"A warm, masculine fragrance with amber and woody notes. Perfect for evening occasions.",medium,evening,amber woody,false,true,2026-06-27T19:11:12.766Z,2026-07-06T19:59:24.022Z,,Dunhil desire (45%); Ethanol (55%),300,1700,"[{""sizeMl"":6,""bottleType"":"""",""sellingPrice"":300,""oilMlUsed"":2.7,""ethanolMlUsed"":3.3,""fixativeMlUsed"":0,""makingCost"":0,""bottleId"":""6a3fa86aa6a41926cb0c6e82""},{""sizeMl"":15,""bottleType"":"""",""sellingPrice"":700,""oilMlUsed"":6.75,""ethanolMlUsed"":8.25,""fixativeMlUsed"":0,""makingCost"":0,""bottleId"":""6a3fa86aa6a41926cb0c6e83""},{""sizeMl"":30,""bottleType"":"""",""sellingPrice"":1000,""oilMlUsed"":13.5,""ethanolMlUsed"":16.5,""fixativeMlUsed"":0,""makingCost"":0,""bottleId"":""6a3fa86aa6a41926cb0c6e84""},{""sizeMl"":50,""bottleType"":"""",""sellingPrice"":1300,""oilMlUsed"":22.5,""ethanolMlUsed"":27.5,""fixativeMlUsed"":0,""makingCost"":0,""bottleId"":""6a3fa86aa6a41926cb0c6e85""},{""sizeMl"":100,""bottleType"":"""",""sellingPrice"":1700,""oilMlUsed"":45,""ethanolMlUsed"":55,""fixativeMlUsed"":0,""makingCost"":0,""bottleId"":""6a3fa86aa6a41926cb0c6e86""}]"
Dunhill Icon,DunIco_2,roll-on,,medium,all,,false,true,2026-06-27T19:12:23.867Z,2026-07-06T18:42:35.358Z,Dunhill Icon,,0,0,"[{""sizeMl"":3,""bottleType"":"""",""sellingPrice"":0,""oilMlUsed"":3,""ethanolMlUsed"":0,""fixativeMlUsed"":0,""makingCost"":0,""bottleId"":""6a3fa869a6a41926cb0c6e7d""},{""sizeMl"":3.5,""bottleType"":"""",""sellingPrice"":0,""oilMlUsed"":3.5,""ethanolMlUsed"":0,""fixativeMlUsed"":0,""makingCost"":0,""bottleId"":""6a3fa869a6a41926cb0c6e7e""},{""sizeMl"":6,""bottleType"":"""",""sellingPrice"":0,""oilMlUsed"":6,""ethanolMlUsed"":0,""fixativeMlUsed"":0,""makingCost"":0,""bottleId"":""6a3fa869a6a41926cb0c6e7f""},{""sizeMl"":15,""bottleType"":"""",""sellingPrice"":0,""oilMlUsed"":15,""ethanolMlUsed"":0,""fixativeMlUsed"":0,""makingCost"":0,""bottleId"":""6a3fa869a6a41926cb0c6e80""},{""sizeMl"":30,""bottleType"":"""",""sellingPrice"":0,""oilMlUsed"":30,""ethanolMlUsed"":0,""fixativeMlUsed"":0,""makingCost"":0,""bottleId"":""6a3fa869a6a41926cb0c6e81""}]"
Dunhill Icon,DunIco,roll-on,Medium woody spicy fragrance. Sophisticated evening wear.,medium,evening,woody spicy,false,true,2026-06-27T19:12:09.620Z,2026-07-06T19:29:46.416Z,Dunhill Icon,,0,1450,"[{""sizeMl"":3,""bottleType"":"""",""sellingPrice"":0,""oilMlUsed"":3,""ethanolMlUsed"":0,""fixativeMlUsed"":0,""makingCost"":0,""bottleId"":""6a3fa869a6a41926cb0c6e7d""},{""sizeMl"":3.5,""bottleType"":"""",""sellingPrice"":200,""oilMlUsed"":3.5,""ethanolMlUsed"":0,""fixativeMlUsed"":0,""makingCost"":0,""bottleId"":""6a3fa869a6a41926cb0c6e7e""},{""sizeMl"":6,""bottleType"":"""",""sellingPrice"":300,""oilMlUsed"":6,""ethanolMlUsed"":0,""fixativeMlUsed"":0,""makingCost"":0,""bottleId"":""6a3fa869a6a41926cb0c6e7f""},{""sizeMl"":15,""bottleType"":"""",""sellingPrice"":750,""oilMlUsed"":15,""ethanolMlUsed"":0,""fixativeMlUsed"":0,""makingCost"":0,""bottleId"":""6a3fa869a6a41926cb0c6e80""},{""sizeMl"":30,""bottleType"":"""",""sellingPrice"":1450,""oilMlUsed"":30,""ethanolMlUsed"":0,""fixativeMlUsed"":0,""makingCost"":0,""bottleId"":""6a3fa869a6a41926cb0c6e81""}]"
Dunhill Icon Spray,DunIco_2_SP,spray,,medium,all,,false,true,2026-06-27T19:12:24.779Z,2026-07-06T19:59:28.773Z,,Dunhill Icon (45%); Ethanol (55%),0,0,"[{""sizeMl"":6,""bottleType"":"""",""sellingPrice"":0,""oilMlUsed"":2.7,""ethanolMlUsed"":3.3,""fixativeMlUsed"":0,""makingCost"":0,""bottleId"":""6a3fa86aa6a41926cb0c6e82""},{""sizeMl"":15,""bottleType"":"""",""sellingPrice"":0,""oilMlUsed"":6.75,""ethanolMlUsed"":8.25,""fixativeMlUsed"":0,""makingCost"":0,""bottleId"":""6a3fa86aa6a41926cb0c6e83""},{""sizeMl"":30,""bottleType"":"""",""sellingPrice"":0,""oilMlUsed"":13.5,""ethanolMlUsed"":16.5,""fixativeMlUsed"":0,""makingCost"":0,""bottleId"":""6a3fa86aa6a41926cb0c6e84""},{""sizeMl"":50,""bottleType"":"""",""sellingPrice"":0,""oilMlUsed"":22.5,""ethanolMlUsed"":27.5,""fixativeMlUsed"":0,""makingCost"":0,""bottleId"":""6a3fa86aa6a41926cb0c6e85""},{""sizeMl"":100,""bottleType"":"""",""sellingPrice"":0,""oilMlUsed"":45,""ethanolMlUsed"":55,""fixativeMlUsed"":0,""makingCost"":0,""bottleId"":""6a3fa86aa6a41926cb0c6e86""}]"
Dunhill Icon Spray,DunIco_SP,spray,Medium woody spicy fragrance. Sophisticated evening wear.,medium,evening,woody spicy,false,true,2026-06-27T19:12:10.468Z,2026-07-06T19:59:27.929Z,,Dunhill Icon (45%); Ethanol (55%),350,2200,"[{""sizeMl"":6,""bottleType"":"""",""sellingPrice"":350,""oilMlUsed"":2.7,""ethanolMlUsed"":3.3,""fixativeMlUsed"":0,""makingCost"":0,""bottleId"":""6a3fa86aa6a41926cb0c6e82""},{""sizeMl"":15,""bottleType"":"""",""sellingPrice"":850,""oilMlUsed"":6.75,""ethanolMlUsed"":8.25,""fixativeMlUsed"":0,""makingCost"":0,""bottleId"":""6a3fa86aa6a41926cb0c6e83""},{""sizeMl"":30,""bottleType"":"""",""sellingPrice"":1550,""oilMlUsed"":13.5,""ethanolMlUsed"":16.5,""fixativeMlUsed"":0,""makingCost"":0,""bottleId"":""6a3fa86aa6a41926cb0c6e84""},{""sizeMl"":50,""bottleType"":"""",""sellingPrice"":1850,""oilMlUsed"":22.5,""ethanolMlUsed"":27.5,""fixativeMlUsed"":0,""makingCost"":0,""bottleId"":""6a3fa86aa6a41926cb0c6e85""},{""sizeMl"":100,""bottleType"":"""",""sellingPrice"":2200,""oilMlUsed"":45,""ethanolMlUsed"":55,""fixativeMlUsed"":0,""makingCost"":0,""bottleId"":""6a3fa86aa6a41926cb0c6e86""}]"
Fantasy,Fant,roll-on,Fruity floral fragrance with sweet undertones. Perfect for daytime elegance.,medium,daytime,fruity floral sweet,false,true,2026-06-27T19:11:24.250Z,2026-07-06T19:29:42.455Z,Fantasy,,0,1250,"[{""sizeMl"":3,""bottleType"":"""",""sellingPrice"":0,""oilMlUsed"":3,""ethanolMlUsed"":0,""fixativeMlUsed"":0,""makingCost"":0,""bottleId"":""6a3fa869a6a41926cb0c6e7d""},{""sizeMl"":3.5,""bottleType"":"""",""sellingPrice"":150,""oilMlUsed"":3.5,""ethanolMlUsed"":0,""fixativeMlUsed"":0,""makingCost"":0,""bottleId"":""6a3fa869a6a41926cb0c6e7e""},{""sizeMl"":6,""bottleType"":"""",""sellingPrice"":250,""oilMlUsed"":6,""ethanolMlUsed"":0,""fixativeMlUsed"":0,""makingCost"":0,""bottleId"":""6a3fa869a6a41926cb0c6e7f""},{""sizeMl"":15,""bottleType"":"""",""sellingPrice"":650,""oilMlUsed"":15,""ethanolMlUsed"":0,""fixativeMlUsed"":0,""makingCost"":0,""bottleId"":""6a3fa869a6a41926cb0c6e80""},{""sizeMl"":30,""bottleType"":"""",""sellingPrice"":1250,""oilMlUsed"":30,""ethanolMlUsed"":0,""fixativeMlUsed"":0,""makingCost"":0,""bottleId"":""6a3fa869a6a41926cb0c6e81""}]"
Fantasy,Fant_2,roll-on,,medium,all,,false,true,2026-06-27T19:12:22.135Z,2026-07-06T18:42:35.287Z,Fantasy Perfume (ready),,0,0,"[{""sizeMl"":3,""bottleType"":"""",""sellingPrice"":0,""oilMlUsed"":3,""ethanolMlUsed"":0,""fixativeMlUsed"":0,""makingCost"":0,""bottleId"":""6a3fa869a6a41926cb0c6e7d""},{""sizeMl"":3.5,""bottleType"":"""",""sellingPrice"":0,""oilMlUsed"":3.5,""ethanolMlUsed"":0,""fixativeMlUsed"":0,""makingCost"":0,""bottleId"":""6a3fa869a6a41926cb0c6e7e""},{""sizeMl"":6,""bottleType"":"""",""sellingPrice"":0,""oilMlUsed"":6,""ethanolMlUsed"":0,""fixativeMlUsed"":0,""makingCost"":0,""bottleId"":""6a3fa869a6a41926cb0c6e7f""},{""sizeMl"":15,""bottleType"":"""",""sellingPrice"":0,""oilMlUsed"":15,""ethanolMlUsed"":0,""fixativeMlUsed"":0,""makingCost"":0,""bottleId"":""6a3fa869a6a41926cb0c6e80""},{""sizeMl"":30,""bottleType"":"""",""sellingPrice"":0,""oilMlUsed"":30,""ethanolMlUsed"":0,""fixativeMlUsed"":0,""makingCost"":0,""bottleId"":""6a3fa869a6a41926cb0c6e81""}]"
Fantasy Spray,Fant_SP,spray,Fruity floral fragrance with sweet undertones. Perfect for daytime elegance.,medium,daytime,fruity floral sweet,false,true,2026-06-27T19:11:25.117Z,2026-07-06T19:59:23.692Z,,Fantasy Perfume (ready) (45%); Ethanol (55%),300,1700,"[{""sizeMl"":6,""bottleType"":"""",""sellingPrice"":300,""oilMlUsed"":2.7,""ethanolMlUsed"":3.3,""fixativeMlUsed"":0,""makingCost"":0,""bottleId"":""6a3fa86aa6a41926cb0c6e82""},{""sizeMl"":15,""bottleType"":"""",""sellingPrice"":700,""oilMlUsed"":6.75,""ethanolMlUsed"":8.25,""fixativeMlUsed"":0,""makingCost"":0,""bottleId"":""6a3fa86aa6a41926cb0c6e83""},{""sizeMl"":30,""bottleType"":"""",""sellingPrice"":1000,""oilMlUsed"":13.5,""ethanolMlUsed"":16.5,""fixativeMlUsed"":0,""makingCost"":0,""bottleId"":""6a3fa86aa6a41926cb0c6e84""},{""sizeMl"":50,""bottleType"":"""",""sellingPrice"":1300,""oilMlUsed"":22.5,""ethanolMlUsed"":27.5,""fixativeMlUsed"":0,""makingCost"":0,""bottleId"":""6a3fa86aa6a41926cb0c6e85""},{""sizeMl"":100,""bottleType"":"""",""sellingPrice"":1700,""oilMlUsed"":45,""ethanolMlUsed"":55,""fixativeMlUsed"":0,""makingCost"":0,""bottleId"":""6a3fa86aa6a41926cb0c6e86""}]"
Fantasy Spray,Fant_2_SP,spray,,medium,all,,false,true,2026-06-27T19:12:22.998Z,2026-07-06T19:59:23.513Z,,Fantasy Perfume (ready) (45%); Ethanol (55%),0,0,"[{""sizeMl"":6,""bottleType"":"""",""sellingPrice"":0,""oilMlUsed"":2.7,""ethanolMlUsed"":3.3,""fixativeMlUsed"":0,""makingCost"":0,""bottleId"":""6a3fa86aa6a41926cb0c6e82""},{""sizeMl"":15,""bottleType"":"""",""sellingPrice"":0,""oilMlUsed"":6.75,""ethanolMlUsed"":8.25,""fixativeMlUsed"":0,""makingCost"":0,""bottleId"":""6a3fa86aa6a41926cb0c6e83""},{""sizeMl"":30,""bottleType"":"""",""sellingPrice"":0,""oilMlUsed"":13.5,""ethanolMlUsed"":16.5,""fixativeMlUsed"":0,""makingCost"":0,""bottleId"":""6a3fa86aa6a41926cb0c6e84""},{""sizeMl"":50,""bottleType"":"""",""sellingPrice"":0,""oilMlUsed"":22.5,""ethanolMlUsed"":27.5,""fixativeMlUsed"":0,""makingCost"":0,""bottleId"":""6a3fa86aa6a41926cb0c6e85""},{""sizeMl"":100,""bottleType"":"""",""sellingPrice"":0,""oilMlUsed"":45,""ethanolMlUsed"":55,""fixativeMlUsed"":0,""makingCost"":0,""bottleId"":""6a3fa86aa6a41926cb0c6e86""}]"
Fogg,Fgg,roll-on,Fresh aquatic fragrance. Clean and refreshing for daytime.,medium,daytime,aquatic fresh,false,true,2026-06-27T19:12:07.886Z,2026-07-06T18:42:34.727Z,Fogg,,0,1250,"[{""sizeMl"":3,""bottleType"":"""",""sellingPrice"":0,""oilMlUsed"":3,""ethanolMlUsed"":0,""fixativeMlUsed"":0,""makingCost"":0,""bottleId"":""6a3fa869a6a41926cb0c6e7d""},{""sizeMl"":3.5,""bottleType"":"""",""sellingPrice"":150,""oilMlUsed"":3.5,""ethanolMlUsed"":0,""fixativeMlUsed"":0,""makingCost"":0,""bottleId"":""6a3fa869a6a41926cb0c6e7e""},{""sizeMl"":6,""bottleType"":"""",""sellingPrice"":250,""oilMlUsed"":6,""ethanolMlUsed"":0,""fixativeMlUsed"":0,""makingCost"":0,""bottleId"":""6a3fa869a6a41926cb0c6e7f""},{""sizeMl"":15,""bottleType"":"""",""sellingPrice"":650,""oilMlUsed"":15,""ethanolMlUsed"":0,""fixativeMlUsed"":0,""makingCost"":0,""bottleId"":""6a3fa869a6a41926cb0c6e80""},{""sizeMl"":30,""bottleType"":"""",""sellingPrice"":1250,""oilMlUsed"":30,""ethanolMlUsed"":0,""fixativeMlUsed"":0,""makingCost"":0,""bottleId"":""6a3fa869a6a41926cb0c6e81""}]"
Fogg Spray,Fgg_SP,spray,Fresh aquatic fragrance. Clean and refreshing for daytime.,medium,daytime,aquatic fresh,false,true,2026-06-27T19:12:08.766Z,2026-07-06T19:59:27.803Z,,Fogg (45%); Ethanol (55%),300,1700,"[{""sizeMl"":6,""bottleType"":"""",""sellingPrice"":300,""oilMlUsed"":2.7,""ethanolMlUsed"":3.3,""fixativeMlUsed"":0,""makingCost"":0,""bottleId"":""6a3fa86aa6a41926cb0c6e82""},{""sizeMl"":15,""bottleType"":"""",""sellingPrice"":700,""oilMlUsed"":6.75,""ethanolMlUsed"":8.25,""fixativeMlUsed"":0,""makingCost"":0,""bottleId"":""6a3fa86aa6a41926cb0c6e83""},{""sizeMl"":30,""bottleType"":"""",""sellingPrice"":1000,""oilMlUsed"":13.5,""ethanolMlUsed"":16.5,""fixativeMlUsed"":0,""makingCost"":0,""bottleId"":""6a3fa86aa6a41926cb0c6e84""},{""sizeMl"":50,""bottleType"":"""",""sellingPrice"":1300,""oilMlUsed"":22.5,""ethanolMlUsed"":27.5,""fixativeMlUsed"":0,""makingCost"":0,""bottleId"":""6a3fa86aa6a41926cb0c6e85""},{""sizeMl"":100,""bottleType"":"""",""sellingPrice"":1700,""oilMlUsed"":45,""ethanolMlUsed"":55,""fixativeMlUsed"":0,""makingCost"":0,""bottleId"":""6a3fa86aa6a41926cb0c6e86""}]"
Good Girl,GooGir,roll-on,Floral gourmand sweet fragrance with strong presence. Ideal for evening glamour.,strong,evening,floral gourmand sweet,false,true,2026-06-27T19:11:36.534Z,2026-07-06T18:42:33.525Z,Good Girl,,0,1500,"[{""sizeMl"":3,""bottleType"":"""",""sellingPrice"":0,""oilMlUsed"":3,""ethanolMlUsed"":0,""fixativeMlUsed"":0,""makingCost"":0,""bottleId"":""6a3fa869a6a41926cb0c6e7d""},{""sizeMl"":3.5,""bottleType"":"""",""sellingPrice"":180,""oilMlUsed"":3.5,""ethanolMlUsed"":0,""fixativeMlUsed"":0,""makingCost"":0,""bottleId"":""6a3fa869a6a41926cb0c6e7e""},{""sizeMl"":6,""bottleType"":"""",""sellingPrice"":280,""oilMlUsed"":6,""ethanolMlUsed"":0,""fixativeMlUsed"":0,""makingCost"":0,""bottleId"":""6a3fa869a6a41926cb0c6e7f""},{""sizeMl"":15,""bottleType"":"""",""sellingPrice"":750,""oilMlUsed"":15,""ethanolMlUsed"":0,""fixativeMlUsed"":0,""makingCost"":0,""bottleId"":""6a3fa869a6a41926cb0c6e80""},{""sizeMl"":30,""bottleType"":"""",""sellingPrice"":1500,""oilMlUsed"":30,""ethanolMlUsed"":0,""fixativeMlUsed"":0,""makingCost"":0,""bottleId"":""6a3fa869a6a41926cb0c6e81""}]"
Good Girl Spray,GooGir_SP,spray,Floral gourmand sweet fragrance with strong presence. Ideal for evening glamour.,strong,evening,floral gourmand sweet,true,true,2026-06-27T19:11:37.389Z,2026-07-06T19:59:25.593Z,,Good Girl (45%); Ethanol (55%),330,1650,"[{""sizeMl"":6,""bottleType"":"""",""sellingPrice"":330,""oilMlUsed"":2.7,""ethanolMlUsed"":3.3,""fixativeMlUsed"":0,""makingCost"":0,""bottleId"":""6a3fa86aa6a41926cb0c6e82""},{""sizeMl"":15,""bottleType"":"""",""sellingPrice"":780,""oilMlUsed"":6.75,""ethanolMlUsed"":8.25,""fixativeMlUsed"":0,""makingCost"":0,""bottleId"":""6a3fa86aa6a41926cb0c6e83""},{""sizeMl"":30,""bottleType"":"""",""sellingPrice"":1050,""oilMlUsed"":13.5,""ethanolMlUsed"":16.5,""fixativeMlUsed"":0,""makingCost"":0,""bottleId"":""6a3fa86aa6a41926cb0c6e84""},{""sizeMl"":50,""bottleType"":"""",""sellingPrice"":1300,""oilMlUsed"":22.5,""ethanolMlUsed"":27.5,""fixativeMlUsed"":0,""makingCost"":0,""bottleId"":""6a3fa86aa6a41926cb0c6e85""},{""sizeMl"":100,""bottleType"":"""",""sellingPrice"":1650,""oilMlUsed"":45,""ethanolMlUsed"":55,""fixativeMlUsed"":0,""makingCost"":0,""bottleId"":""6a3fa86aa6a41926cb0c6e86""}]"
Gucci Flora,GucFla,roll-on,Medium floral fresh fragrance. A daytime floral classic.,medium,daytime,floral fresh,false,true,2026-06-27T19:12:14.880Z,2026-07-06T18:42:35.000Z,Gucci Flora,,0,1000,"[{""sizeMl"":3,""bottleType"":"""",""sellingPrice"":0,""oilMlUsed"":3,""ethanolMlUsed"":0,""fixativeMlUsed"":0,""makingCost"":0,""bottleId"":""6a3fa869a6a41926cb0c6e7d""},{""sizeMl"":3.5,""bottleType"":"""",""sellingPrice"":180,""oilMlUsed"":3.5,""ethanolMlUsed"":0,""fixativeMlUsed"":0,""makingCost"":0,""bottleId"":""6a3fa869a6a41926cb0c6e7e""},{""sizeMl"":6,""bottleType"":"""",""sellingPrice"":270,""oilMlUsed"":6,""ethanolMlUsed"":0,""fixativeMlUsed"":0,""makingCost"":0,""bottleId"":""6a3fa869a6a41926cb0c6e7f""},{""sizeMl"":15,""bottleType"":"""",""sellingPrice"":700,""oilMlUsed"":15,""ethanolMlUsed"":0,""fixativeMlUsed"":0,""makingCost"":0,""bottleId"":""6a3fa869a6a41926cb0c6e80""},{""sizeMl"":30,""bottleType"":"""",""sellingPrice"":1000,""oilMlUsed"":30,""ethanolMlUsed"":0,""fixativeMlUsed"":0,""makingCost"":0,""bottleId"":""6a3fa869a6a41926cb0c6e81""}]"
Gucci Flora Spray,GucFla_SP,spray,Medium floral fresh fragrance. A daytime floral classic.,medium,daytime,floral fresh,false,true,2026-06-27T19:12:15.742Z,2026-07-06T19:59:28.292Z,,Gucci Flora (45%); Ethanol (55%),330,2300,"[{""sizeMl"":6,""bottleType"":"""",""sellingPrice"":330,""oilMlUsed"":2.7,""ethanolMlUsed"":3.3,""fixativeMlUsed"":0,""makingCost"":0,""bottleId"":""6a3fa86aa6a41926cb0c6e82""},{""sizeMl"":15,""bottleType"":"""",""sellingPrice"":800,""oilMlUsed"":6.75,""ethanolMlUsed"":8.25,""fixativeMlUsed"":0,""makingCost"":0,""bottleId"":""6a3fa86aa6a41926cb0c6e83""},{""sizeMl"":30,""bottleType"":"""",""sellingPrice"":1400,""oilMlUsed"":13.5,""ethanolMlUsed"":16.5,""fixativeMlUsed"":0,""makingCost"":0,""bottleId"":""6a3fa86aa6a41926cb0c6e84""},{""sizeMl"":50,""bottleType"":"""",""sellingPrice"":1900,""oilMlUsed"":22.5,""ethanolMlUsed"":27.5,""fixativeMlUsed"":0,""makingCost"":0,""bottleId"":""6a3fa86aa6a41926cb0c6e85""},{""sizeMl"":100,""bottleType"":"""",""sellingPrice"":2300,""oilMlUsed"":45,""ethanolMlUsed"":55,""fixativeMlUsed"":0,""makingCost"":0,""bottleId"":""6a3fa86aa6a41926cb0c6e86""}]"
Hawas For Him,HFH,roll-on,Strong aquatic spicy fragrance. Evening freshness.,strong,evening,aquatic spicy,false,true,2026-06-27T19:12:00.907Z,2026-07-06T18:42:34.467Z,Hawas For Him,,0,1500,"[{""sizeMl"":3,""bottleType"":"""",""sellingPrice"":0,""oilMlUsed"":3,""ethanolMlUsed"":0,""fixativeMlUsed"":0,""makingCost"":0,""bottleId"":""6a3fa869a6a41926cb0c6e7d""},{""sizeMl"":3.5,""bottleType"":"""",""sellingPrice"":180,""oilMlUsed"":3.5,""ethanolMlUsed"":0,""fixativeMlUsed"":0,""makingCost"":0,""bottleId"":""6a3fa869a6a41926cb0c6e7e""},{""sizeMl"":6,""bottleType"":"""",""sellingPrice"":280,""oilMlUsed"":6,""ethanolMlUsed"":0,""fixativeMlUsed"":0,""makingCost"":0,""bottleId"":""6a3fa869a6a41926cb0c6e7f""},{""sizeMl"":15,""bottleType"":"""",""sellingPrice"":750,""oilMlUsed"":15,""ethanolMlUsed"":0,""fixativeMlUsed"":0,""makingCost"":0,""bottleId"":""6a3fa869a6a41926cb0c6e80""},{""sizeMl"":30,""bottleType"":"""",""sellingPrice"":1500,""oilMlUsed"":30,""ethanolMlUsed"":0,""fixativeMlUsed"":0,""makingCost"":0,""bottleId"":""6a3fa869a6a41926cb0c6e81""}]"
Hawas For Him Spray,HFH_SP,spray,Strong aquatic spicy fragrance. Evening freshness.,strong,evening,aquatic spicy,false,true,2026-06-27T19:12:01.758Z,2026-07-06T19:59:27.287Z,,Hawas For Him (45%); Ethanol (55%),330,1650,"[{""sizeMl"":6,""bottleType"":"""",""sellingPrice"":330,""oilMlUsed"":2.7,""ethanolMlUsed"":3.3,""fixativeMlUsed"":0,""makingCost"":0,""bottleId"":""6a3fa86aa6a41926cb0c6e82""},{""sizeMl"":15,""bottleType"":"""",""sellingPrice"":780,""oilMlUsed"":6.75,""ethanolMlUsed"":8.25,""fixativeMlUsed"":0,""makingCost"":0,""bottleId"":""6a3fa86aa6a41926cb0c6e83""},{""sizeMl"":30,""bottleType"":"""",""sellingPrice"":1050,""oilMlUsed"":13.5,""ethanolMlUsed"":16.5,""fixativeMlUsed"":0,""makingCost"":0,""bottleId"":""6a3fa86aa6a41926cb0c6e84""},{""sizeMl"":50,""bottleType"":"""",""sellingPrice"":1300,""oilMlUsed"":22.5,""ethanolMlUsed"":27.5,""fixativeMlUsed"":0,""makingCost"":0,""bottleId"":""6a3fa86aa6a41926cb0c6e85""},{""sizeMl"":100,""bottleType"":"""",""sellingPrice"":1650,""oilMlUsed"":45,""ethanolMlUsed"":55,""fixativeMlUsed"":0,""makingCost"":0,""bottleId"":""6a3fa86aa6a41926cb0c6e86""}]"
LOST Cherry,LostChe,roll-on,Sweet cherry with almond and gourmand notes. A luxurious evening fragrance.,medium,evening,fruity gourmand almond,true,true,2026-06-27T19:11:20.781Z,2026-07-06T18:42:32.926Z,LOST Cherry,,0,1250,"[{""sizeMl"":3,""bottleType"":"""",""sellingPrice"":0,""oilMlUsed"":3,""ethanolMlUsed"":0,""fixativeMlUsed"":0,""makingCost"":0,""bottleId"":""6a3fa869a6a41926cb0c6e7d""},{""sizeMl"":3.5,""bottleType"":"""",""sellingPrice"":150,""oilMlUsed"":3.5,""ethanolMlUsed"":0,""fixativeMlUsed"":0,""makingCost"":0,""bottleId"":""6a3fa869a6a41926cb0c6e7e""},{""sizeMl"":6,""bottleType"":"""",""sellingPrice"":250,""oilMlUsed"":6,""ethanolMlUsed"":0,""fixativeMlUsed"":0,""makingCost"":0,""bottleId"":""6a3fa869a6a41926cb0c6e7f""},{""sizeMl"":15,""bottleType"":"""",""sellingPrice"":650,""oilMlUsed"":15,""ethanolMlUsed"":0,""fixativeMlUsed"":0,""makingCost"":0,""bottleId"":""6a3fa869a6a41926cb0c6e80""},{""sizeMl"":30,""bottleType"":"""",""sellingPrice"":1250,""oilMlUsed"":30,""ethanolMlUsed"":0,""fixativeMlUsed"":0,""makingCost"":0,""bottleId"":""6a3fa869a6a41926cb0c6e81""}]"
LOST Cherry Spray,LostChe_SP,spray,Sweet cherry with almond and gourmand notes. A luxurious evening fragrance.,medium,evening,fruity gourmand almond,true,true,2026-06-27T19:11:21.653Z,2026-07-06T19:59:24.613Z,,LOST Cherry (45%); Ethanol (55%),300,1700,"[{""sizeMl"":6,""bottleType"":"""",""sellingPrice"":300,""oilMlUsed"":2.7,""ethanolMlUsed"":3.3,""fixativeMlUsed"":0,""makingCost"":0,""bottleId"":""6a3fa86aa6a41926cb0c6e82""},{""sizeMl"":15,""bottleType"":"""",""sellingPrice"":700,""oilMlUsed"":6.75,""ethanolMlUsed"":8.25,""fixativeMlUsed"":0,""makingCost"":0,""bottleId"":""6a3fa86aa6a41926cb0c6e83""},{""sizeMl"":30,""bottleType"":"""",""sellingPrice"":1000,""oilMlUsed"":13.5,""ethanolMlUsed"":16.5,""fixativeMlUsed"":0,""makingCost"":0,""bottleId"":""6a3fa86aa6a41926cb0c6e84""},{""sizeMl"":50,""bottleType"":"""",""sellingPrice"":1300,""oilMlUsed"":22.5,""ethanolMlUsed"":27.5,""fixativeMlUsed"":0,""makingCost"":0,""bottleId"":""6a3fa86aa6a41926cb0c6e85""},{""sizeMl"":100,""bottleType"":"""",""sellingPrice"":1700,""oilMlUsed"":45,""ethanolMlUsed"":55,""fixativeMlUsed"":0,""makingCost"":0,""bottleId"":""6a3fa86aa6a41926cb0c6e86""}]"
Luxe Special,LUXE1,roll-on,Medium luxury blend fragrance. Versatile for any occasion.,medium,all,luxury blend,false,true,2026-06-27T19:12:20.418Z,2026-07-06T18:42:35.211Z,Luxe Special,,0,1500,"[{""sizeMl"":3,""bottleType"":"""",""sellingPrice"":0,""oilMlUsed"":3,""ethanolMlUsed"":0,""fixativeMlUsed"":0,""makingCost"":0,""bottleId"":""6a3fa869a6a41926cb0c6e7d""},{""sizeMl"":3.5,""bottleType"":"""",""sellingPrice"":220,""oilMlUsed"":3.5,""ethanolMlUsed"":0,""fixativeMlUsed"":0,""makingCost"":0,""bottleId"":""6a3fa869a6a41926cb0c6e7e""},{""sizeMl"":6,""bottleType"":"""",""sellingPrice"":350,""oilMlUsed"":6,""ethanolMlUsed"":0,""fixativeMlUsed"":0,""makingCost"":0,""bottleId"":""6a3fa869a6a41926cb0c6e7f""},{""sizeMl"":15,""bottleType"":"""",""sellingPrice"":800,""oilMlUsed"":15,""ethanolMlUsed"":0,""fixativeMlUsed"":0,""makingCost"":0,""bottleId"":""6a3fa869a6a41926cb0c6e80""},{""sizeMl"":30,""bottleType"":"""",""sellingPrice"":1500,""oilMlUsed"":30,""ethanolMlUsed"":0,""fixativeMlUsed"":0,""makingCost"":0,""bottleId"":""6a3fa869a6a41926cb0c6e81""}]"
Luxe Special Spray,LUXE1_SP,spray,Medium luxury blend fragrance. Versatile for any occasion.,medium,all,luxury blend,false,true,2026-06-27T19:12:21.284Z,2026-07-06T19:59:28.647Z,,Creed Aventus (43.87%); Gucci Flora (21.12%); Ethanol (35%),370,4500,"[{""sizeMl"":6,""bottleType"":"""",""sellingPrice"":370,""oilMlUsed"":3.8993999999999995,""ethanolMlUsed"":2.1,""fixativeMlUsed"":0,""makingCost"":0,""bottleId"":""6a3fa86aa6a41926cb0c6e82""},{""sizeMl"":15,""bottleType"":"""",""sellingPrice"":850,""oilMlUsed"":9.7485,""ethanolMlUsed"":5.25,""fixativeMlUsed"":0,""makingCost"":0,""bottleId"":""6a3fa86aa6a41926cb0c6e83""},{""sizeMl"":30,""bottleType"":"""",""sellingPrice"":1600,""oilMlUsed"":19.497,""ethanolMlUsed"":10.5,""fixativeMlUsed"":0,""makingCost"":0,""bottleId"":""6a3fa86aa6a41926cb0c6e84""},{""sizeMl"":50,""bottleType"":"""",""sellingPrice"":3000,""oilMlUsed"":32.495,""ethanolMlUsed"":17.5,""fixativeMlUsed"":0,""makingCost"":0,""bottleId"":""6a3fa86aa6a41926cb0c6e85""},{""sizeMl"":100,""bottleType"":"""",""sellingPrice"":4500,""oilMlUsed"":64.99,""ethanolMlUsed"":35,""fixativeMlUsed"":0,""makingCost"":0,""bottleId"":""6a3fa86aa6a41926cb0c6e86""}]"
Miss Dior,MisDio,roll-on,Floral fruity fragrance with medium intensity. Elegant evening scent.,medium,evening,floral fruity,false,true,2026-06-27T19:11:52.362Z,2026-07-06T18:42:34.133Z,Miss Dior,,0,1500,"[{""sizeMl"":3,""bottleType"":"""",""sellingPrice"":0,""oilMlUsed"":3,""ethanolMlUsed"":0,""fixativeMlUsed"":0,""makingCost"":0,""bottleId"":""6a3fa869a6a41926cb0c6e7d""},{""sizeMl"":3.5,""bottleType"":"""",""sellingPrice"":180,""oilMlUsed"":3.5,""ethanolMlUsed"":0,""fixativeMlUsed"":0,""makingCost"":0,""bottleId"":""6a3fa869a6a41926cb0c6e7e""},{""sizeMl"":6,""bottleType"":"""",""sellingPrice"":280,""oilMlUsed"":6,""ethanolMlUsed"":0,""fixativeMlUsed"":0,""makingCost"":0,""bottleId"":""6a3fa869a6a41926cb0c6e7f""},{""sizeMl"":15,""bottleType"":"""",""sellingPrice"":750,""oilMlUsed"":15,""ethanolMlUsed"":0,""fixativeMlUsed"":0,""makingCost"":0,""bottleId"":""6a3fa869a6a41926cb0c6e80""},{""sizeMl"":30,""bottleType"":"""",""sellingPrice"":1500,""oilMlUsed"":30,""ethanolMlUsed"":0,""fixativeMlUsed"":0,""makingCost"":0,""bottleId"":""6a3fa869a6a41926cb0c6e81""}]"
Miss Dior Spray,MisDio_SP,spray,Floral fruity fragrance with medium intensity. Elegant evening scent.,medium,evening,floral fruity,false,true,2026-06-27T19:11:53.214Z,2026-07-06T19:59:26.698Z,,Miss Dior (45%); Ethanol (55%),330,1650,"[{""sizeMl"":6,""bottleType"":"""",""sellingPrice"":330,""oilMlUsed"":2.7,""ethanolMlUsed"":3.3,""fixativeMlUsed"":0,""makingCost"":0,""bottleId"":""6a3fa86aa6a41926cb0c6e82""},{""sizeMl"":15,""bottleType"":"""",""sellingPrice"":780,""oilMlUsed"":6.75,""ethanolMlUsed"":8.25,""fixativeMlUsed"":0,""makingCost"":0,""bottleId"":""6a3fa86aa6a41926cb0c6e83""},{""sizeMl"":30,""bottleType"":"""",""sellingPrice"":1050,""oilMlUsed"":13.5,""ethanolMlUsed"":16.5,""fixativeMlUsed"":0,""makingCost"":0,""bottleId"":""6a3fa86aa6a41926cb0c6e84""},{""sizeMl"":50,""bottleType"":"""",""sellingPrice"":1300,""oilMlUsed"":22.5,""ethanolMlUsed"":27.5,""fixativeMlUsed"":0,""makingCost"":0,""bottleId"":""6a3fa86aa6a41926cb0c6e85""},{""sizeMl"":100,""bottleType"":"""",""sellingPrice"":1650,""oilMlUsed"":45,""ethanolMlUsed"":55,""fixativeMlUsed"":0,""makingCost"":0,""bottleId"":""6a3fa86aa6a41926cb0c6e86""}]"
Nautica voyage,NV,roll-on,Fresh aquatic fruity fragrance. Perfect for summer days.,medium,daytime,aquatic fruity,false,true,2026-06-27T19:12:27.579Z,2026-07-06T18:42:35.502Z,Nautica voyage,,0,1250,"[{""sizeMl"":3,""bottleType"":"""",""sellingPrice"":0,""oilMlUsed"":3,""ethanolMlUsed"":0,""fixativeMlUsed"":0,""makingCost"":0,""bottleId"":""6a3fa869a6a41926cb0c6e7d""},{""sizeMl"":3.5,""bottleType"":"""",""sellingPrice"":180,""oilMlUsed"":3.5,""ethanolMlUsed"":0,""fixativeMlUsed"":0,""makingCost"":0,""bottleId"":""6a3fa869a6a41926cb0c6e7e""},{""sizeMl"":6,""bottleType"":"""",""sellingPrice"":270,""oilMlUsed"":6,""ethanolMlUsed"":0,""fixativeMlUsed"":0,""makingCost"":0,""bottleId"":""6a3fa869a6a41926cb0c6e7f""},{""sizeMl"":15,""bottleType"":"""",""sellingPrice"":670,""oilMlUsed"":15,""ethanolMlUsed"":0,""fixativeMlUsed"":0,""makingCost"":0,""bottleId"":""6a3fa869a6a41926cb0c6e80""},{""sizeMl"":30,""bottleType"":"""",""sellingPrice"":1250,""oilMlUsed"":30,""ethanolMlUsed"":0,""fixativeMlUsed"":0,""makingCost"":0,""bottleId"":""6a3fa869a6a41926cb0c6e81""}]"
Nautica voyage Spray,NV_SP,spray,Fresh aquatic fruity fragrance. Perfect for summer days.,medium,daytime,aquatic fruity,false,true,2026-06-27T19:12:28.452Z,2026-07-06T19:59:29.028Z,,Nautica voyage (45%); Ethanol (55%),300,2500,"[{""sizeMl"":6,""bottleType"":"""",""sellingPrice"":300,""oilMlUsed"":2.7,""ethanolMlUsed"":3.3,""fixativeMlUsed"":0,""makingCost"":0,""bottleId"":""6a3fa86aa6a41926cb0c6e82""},{""sizeMl"":15,""bottleType"":"""",""sellingPrice"":720,""oilMlUsed"":6.75,""ethanolMlUsed"":8.25,""fixativeMlUsed"":0,""makingCost"":0,""bottleId"":""6a3fa86aa6a41926cb0c6e83""},{""sizeMl"":30,""bottleType"":"""",""sellingPrice"":1350,""oilMlUsed"":13.5,""ethanolMlUsed"":16.5,""fixativeMlUsed"":0,""makingCost"":0,""bottleId"":""6a3fa86aa6a41926cb0c6e84""},{""sizeMl"":50,""bottleType"":"""",""sellingPrice"":1700,""oilMlUsed"":22.5,""ethanolMlUsed"":27.5,""fixativeMlUsed"":0,""makingCost"":0,""bottleId"":""6a3fa86aa6a41926cb0c6e85""},{""sizeMl"":100,""bottleType"":"""",""sellingPrice"":2500,""oilMlUsed"":45,""ethanolMlUsed"":55,""fixativeMlUsed"":0,""makingCost"":0,""bottleId"":""6a3fa86aa6a41926cb0c6e86""}]"
Paris Hilton,ParHil,roll-on,Light floral fruity sweet fragrance. Perfect for daytime fun.,light,daytime,floral fruity sweet,false,true,2026-06-27T19:11:54.060Z,2026-07-06T18:42:34.197Z,Paris Hilton,,0,1250,"[{""sizeMl"":3,""bottleType"":"""",""sellingPrice"":0,""oilMlUsed"":3,""ethanolMlUsed"":0,""fixativeMlUsed"":0,""makingCost"":0,""bottleId"":""6a3fa869a6a41926cb0c6e7d""},{""sizeMl"":3.5,""bottleType"":"""",""sellingPrice"":150,""oilMlUsed"":3.5,""ethanolMlUsed"":0,""fixativeMlUsed"":0,""makingCost"":0,""bottleId"":""6a3fa869a6a41926cb0c6e7e""},{""sizeMl"":6,""bottleType"":"""",""sellingPrice"":250,""oilMlUsed"":6,""ethanolMlUsed"":0,""fixativeMlUsed"":0,""makingCost"":0,""bottleId"":""6a3fa869a6a41926cb0c6e7f""},{""sizeMl"":15,""bottleType"":"""",""sellingPrice"":650,""oilMlUsed"":15,""ethanolMlUsed"":0,""fixativeMlUsed"":0,""makingCost"":0,""bottleId"":""6a3fa869a6a41926cb0c6e80""},{""sizeMl"":30,""bottleType"":"""",""sellingPrice"":1250,""oilMlUsed"":30,""ethanolMlUsed"":0,""fixativeMlUsed"":0,""makingCost"":0,""bottleId"":""6a3fa869a6a41926cb0c6e81""}]"
Paris Hilton Spray,ParHil_SP,spray,Light floral fruity sweet fragrance. Perfect for daytime fun.,light,daytime,floral fruity sweet,false,true,2026-06-27T19:11:54.917Z,2026-07-06T19:59:26.816Z,,Paris Hilton (45%); Ethanol (55%),300,1700,"[{""sizeMl"":6,""bottleType"":"""",""sellingPrice"":300,""oilMlUsed"":2.7,""ethanolMlUsed"":3.3,""fixativeMlUsed"":0,""makingCost"":0,""bottleId"":""6a3fa86aa6a41926cb0c6e82""},{""sizeMl"":15,""bottleType"":"""",""sellingPrice"":700,""oilMlUsed"":6.75,""ethanolMlUsed"":8.25,""fixativeMlUsed"":0,""makingCost"":0,""bottleId"":""6a3fa86aa6a41926cb0c6e83""},{""sizeMl"":30,""bottleType"":"""",""sellingPrice"":1000,""oilMlUsed"":13.5,""ethanolMlUsed"":16.5,""fixativeMlUsed"":0,""makingCost"":0,""bottleId"":""6a3fa86aa6a41926cb0c6e84""},{""sizeMl"":50,""bottleType"":"""",""sellingPrice"":1300,""oilMlUsed"":22.5,""ethanolMlUsed"":27.5,""fixativeMlUsed"":0,""makingCost"":0,""bottleId"":""6a3fa86aa6a41926cb0c6e85""},{""sizeMl"":100,""bottleType"":"""",""sellingPrice"":1700,""oilMlUsed"":45,""ethanolMlUsed"":55,""fixativeMlUsed"":0,""makingCost"":0,""bottleId"":""6a3fa86aa6a41926cb0c6e86""}]"
Prada Candy,PRCn,roll-on,Medium gourmand sweet fragrance. Sweet evening indulgence.,medium,evening,gourmand sweet,false,true,2026-06-27T19:12:06.153Z,2026-07-06T18:42:34.661Z,Prada Candy,,0,1500,"[{""sizeMl"":3,""bottleType"":"""",""sellingPrice"":0,""oilMlUsed"":3,""ethanolMlUsed"":0,""fixativeMlUsed"":0,""makingCost"":0,""bottleId"":""6a3fa869a6a41926cb0c6e7d""},{""sizeMl"":3.5,""bottleType"":"""",""sellingPrice"":180,""oilMlUsed"":3.5,""ethanolMlUsed"":0,""fixativeMlUsed"":0,""makingCost"":0,""bottleId"":""6a3fa869a6a41926cb0c6e7e""},{""sizeMl"":6,""bottleType"":"""",""sellingPrice"":280,""oilMlUsed"":6,""ethanolMlUsed"":0,""fixativeMlUsed"":0,""makingCost"":0,""bottleId"":""6a3fa869a6a41926cb0c6e7f""},{""sizeMl"":15,""bottleType"":"""",""sellingPrice"":750,""oilMlUsed"":15,""ethanolMlUsed"":0,""fixativeMlUsed"":0,""makingCost"":0,""bottleId"":""6a3fa869a6a41926cb0c6e80""},{""sizeMl"":30,""bottleType"":"""",""sellingPrice"":1500,""oilMlUsed"":30,""ethanolMlUsed"":0,""fixativeMlUsed"":0,""makingCost"":0,""bottleId"":""6a3fa869a6a41926cb0c6e81""}]"
Prada Candy Spray,PRCn_SP,spray,Medium gourmand sweet fragrance. Sweet evening indulgence.,medium,evening,gourmand sweet,false,true,2026-06-27T19:12:07.005Z,2026-07-06T19:59:27.668Z,,Prada Candy (45%); Ethanol (55%),330,1650,"[{""sizeMl"":6,""bottleType"":"""",""sellingPrice"":330,""oilMlUsed"":2.7,""ethanolMlUsed"":3.3,""fixativeMlUsed"":0,""makingCost"":0,""bottleId"":""6a3fa86aa6a41926cb0c6e82""},{""sizeMl"":15,""bottleType"":"""",""sellingPrice"":780,""oilMlUsed"":6.75,""ethanolMlUsed"":8.25,""fixativeMlUsed"":0,""makingCost"":0,""bottleId"":""6a3fa86aa6a41926cb0c6e83""},{""sizeMl"":30,""bottleType"":"""",""sellingPrice"":1050,""oilMlUsed"":13.5,""ethanolMlUsed"":16.5,""fixativeMlUsed"":0,""makingCost"":0,""bottleId"":""6a3fa86aa6a41926cb0c6e84""},{""sizeMl"":50,""bottleType"":"""",""sellingPrice"":1300,""oilMlUsed"":22.5,""ethanolMlUsed"":27.5,""fixativeMlUsed"":0,""makingCost"":0,""bottleId"":""6a3fa86aa6a41926cb0c6e85""},{""sizeMl"":100,""bottleType"":"""",""sellingPrice"":1650,""oilMlUsed"":45,""ethanolMlUsed"":55,""fixativeMlUsed"":0,""makingCost"":0,""bottleId"":""6a3fa86aa6a41926cb0c6e86""}]"
Pure Seduction,PuSD,roll-on,Light floral fruity fragrance. Perfect for romantic evenings.,light,evening,floral fruity,false,true,2026-06-27T19:12:04.425Z,2026-07-06T18:42:34.601Z,Pure Seduction,,0,1500,"[{""sizeMl"":3,""bottleType"":"""",""sellingPrice"":0,""oilMlUsed"":3,""ethanolMlUsed"":0,""fixativeMlUsed"":0,""makingCost"":0,""bottleId"":""6a3fa869a6a41926cb0c6e7d""},{""sizeMl"":3.5,""bottleType"":"""",""sellingPrice"":180,""oilMlUsed"":3.5,""ethanolMlUsed"":0,""fixativeMlUsed"":0,""makingCost"":0,""bottleId"":""6a3fa869a6a41926cb0c6e7e""},{""sizeMl"":6,""bottleType"":"""",""sellingPrice"":280,""oilMlUsed"":6,""ethanolMlUsed"":0,""fixativeMlUsed"":0,""makingCost"":0,""bottleId"":""6a3fa869a6a41926cb0c6e7f""},{""sizeMl"":15,""bottleType"":"""",""sellingPrice"":750,""oilMlUsed"":15,""ethanolMlUsed"":0,""fixativeMlUsed"":0,""makingCost"":0,""bottleId"":""6a3fa869a6a41926cb0c6e80""},{""sizeMl"":30,""bottleType"":"""",""sellingPrice"":1500,""oilMlUsed"":30,""ethanolMlUsed"":0,""fixativeMlUsed"":0,""makingCost"":0,""bottleId"":""6a3fa869a6a41926cb0c6e81""}]"
Pure Seduction Spray,PuSD_SP,spray,Light floral fruity fragrance. Perfect for romantic evenings.,light,evening,floral fruity,false,true,2026-06-27T19:12:05.293Z,2026-07-06T19:59:27.543Z,,Pure Seduction (45%); Ethanol (55%),330,1650,"[{""sizeMl"":6,""bottleType"":"""",""sellingPrice"":330,""oilMlUsed"":2.7,""ethanolMlUsed"":3.3,""fixativeMlUsed"":0,""makingCost"":0,""bottleId"":""6a3fa86aa6a41926cb0c6e82""},{""sizeMl"":15,""bottleType"":"""",""sellingPrice"":780,""oilMlUsed"":6.75,""ethanolMlUsed"":8.25,""fixativeMlUsed"":0,""makingCost"":0,""bottleId"":""6a3fa86aa6a41926cb0c6e83""},{""sizeMl"":30,""bottleType"":"""",""sellingPrice"":1050,""oilMlUsed"":13.5,""ethanolMlUsed"":16.5,""fixativeMlUsed"":0,""makingCost"":0,""bottleId"":""6a3fa86aa6a41926cb0c6e84""},{""sizeMl"":50,""bottleType"":"""",""sellingPrice"":1300,""oilMlUsed"":22.5,""ethanolMlUsed"":27.5,""fixativeMlUsed"":0,""makingCost"":0,""bottleId"":""6a3fa86aa6a41926cb0c6e85""},{""sizeMl"":100,""bottleType"":"""",""sellingPrice"":1650,""oilMlUsed"":45,""ethanolMlUsed"":55,""fixativeMlUsed"":0,""makingCost"":0,""bottleId"":""6a3fa86aa6a41926cb0c6e86""}]"
Red Tobaco,RedTob,roll-on,Strong tobacco spicy sweet fragrance. Bold evening statement.,strong,evening,tobacco spicy sweet,false,true,2026-06-27T19:11:48.727Z,2026-07-06T18:42:34.004Z,Red Tobaco,,0,1250,"[{""sizeMl"":3,""bottleType"":"""",""sellingPrice"":0,""oilMlUsed"":3,""ethanolMlUsed"":0,""fixativeMlUsed"":0,""makingCost"":0,""bottleId"":""6a3fa869a6a41926cb0c6e7d""},{""sizeMl"":3.5,""bottleType"":"""",""sellingPrice"":150,""oilMlUsed"":3.5,""ethanolMlUsed"":0,""fixativeMlUsed"":0,""makingCost"":0,""bottleId"":""6a3fa869a6a41926cb0c6e7e""},{""sizeMl"":6,""bottleType"":"""",""sellingPrice"":250,""oilMlUsed"":6,""ethanolMlUsed"":0,""fixativeMlUsed"":0,""makingCost"":0,""bottleId"":""6a3fa869a6a41926cb0c6e7f""},{""sizeMl"":15,""bottleType"":"""",""sellingPrice"":650,""oilMlUsed"":15,""ethanolMlUsed"":0,""fixativeMlUsed"":0,""makingCost"":0,""bottleId"":""6a3fa869a6a41926cb0c6e80""},{""sizeMl"":30,""bottleType"":"""",""sellingPrice"":1250,""oilMlUsed"":30,""ethanolMlUsed"":0,""fixativeMlUsed"":0,""makingCost"":0,""bottleId"":""6a3fa869a6a41926cb0c6e81""}]"
Red Tobaco Spray,RedTob_SP,spray,Strong tobacco spicy sweet fragrance. Bold evening statement.,strong,evening,tobacco spicy sweet,false,true,2026-06-27T19:11:49.590Z,2026-07-06T19:59:26.447Z,,Red Tobaco (45%); Ethanol (55%),300,1700,"[{""sizeMl"":6,""bottleType"":"""",""sellingPrice"":300,""oilMlUsed"":2.7,""ethanolMlUsed"":3.3,""fixativeMlUsed"":0,""makingCost"":0,""bottleId"":""6a3fa86aa6a41926cb0c6e82""},{""sizeMl"":15,""bottleType"":"""",""sellingPrice"":700,""oilMlUsed"":6.75,""ethanolMlUsed"":8.25,""fixativeMlUsed"":0,""makingCost"":0,""bottleId"":""6a3fa86aa6a41926cb0c6e83""},{""sizeMl"":30,""bottleType"":"""",""sellingPrice"":1000,""oilMlUsed"":13.5,""ethanolMlUsed"":16.5,""fixativeMlUsed"":0,""makingCost"":0,""bottleId"":""6a3fa86aa6a41926cb0c6e84""},{""sizeMl"":50,""bottleType"":"""",""sellingPrice"":1300,""oilMlUsed"":22.5,""ethanolMlUsed"":27.5,""fixativeMlUsed"":0,""makingCost"":0,""bottleId"":""6a3fa86aa6a41926cb0c6e85""},{""sizeMl"":100,""bottleType"":"""",""sellingPrice"":1700,""oilMlUsed"":45,""ethanolMlUsed"":55,""fixativeMlUsed"":0,""makingCost"":0,""bottleId"":""6a3fa86aa6a41926cb0c6e86""}]"
Rose,Rose,roll-on,Classic floral sweet rose fragrance. Timeless for any occasion.,medium,all,floral sweet,false,true,2026-06-27T19:11:34.753Z,2026-07-06T18:42:33.457Z,Rose,,0,1250,"[{""sizeMl"":3,""bottleType"":"""",""sellingPrice"":0,""oilMlUsed"":3,""ethanolMlUsed"":0,""fixativeMlUsed"":0,""makingCost"":0,""bottleId"":""6a3fa869a6a41926cb0c6e7d""},{""sizeMl"":3.5,""bottleType"":"""",""sellingPrice"":150,""oilMlUsed"":3.5,""ethanolMlUsed"":0,""fixativeMlUsed"":0,""makingCost"":0,""bottleId"":""6a3fa869a6a41926cb0c6e7e""},{""sizeMl"":6,""bottleType"":"""",""sellingPrice"":250,""oilMlUsed"":6,""ethanolMlUsed"":0,""fixativeMlUsed"":0,""makingCost"":0,""bottleId"":""6a3fa869a6a41926cb0c6e7f""},{""sizeMl"":15,""bottleType"":"""",""sellingPrice"":650,""oilMlUsed"":15,""ethanolMlUsed"":0,""fixativeMlUsed"":0,""makingCost"":0,""bottleId"":""6a3fa869a6a41926cb0c6e80""},{""sizeMl"":30,""bottleType"":"""",""sellingPrice"":1250,""oilMlUsed"":30,""ethanolMlUsed"":0,""fixativeMlUsed"":0,""makingCost"":0,""bottleId"":""6a3fa869a6a41926cb0c6e81""}]"
Rose Spray,Rose_SP,spray,Classic floral sweet rose fragrance. Timeless for any occasion.,medium,all,floral sweet,false,true,2026-06-27T19:11:35.642Z,2026-07-06T19:59:25.472Z,,Rose (45%); Ethanol (55%),300,1700,"[{""sizeMl"":6,""bottleType"":"""",""sellingPrice"":300,""oilMlUsed"":2.7,""ethanolMlUsed"":3.3,""fixativeMlUsed"":0,""makingCost"":0,""bottleId"":""6a3fa86aa6a41926cb0c6e82""},{""sizeMl"":15,""bottleType"":"""",""sellingPrice"":700,""oilMlUsed"":6.75,""ethanolMlUsed"":8.25,""fixativeMlUsed"":0,""makingCost"":0,""bottleId"":""6a3fa86aa6a41926cb0c6e83""},{""sizeMl"":30,""bottleType"":"""",""sellingPrice"":1000,""oilMlUsed"":13.5,""ethanolMlUsed"":16.5,""fixativeMlUsed"":0,""makingCost"":0,""bottleId"":""6a3fa86aa6a41926cb0c6e84""},{""sizeMl"":50,""bottleType"":"""",""sellingPrice"":1300,""oilMlUsed"":22.5,""ethanolMlUsed"":27.5,""fixativeMlUsed"":0,""makingCost"":0,""bottleId"":""6a3fa86aa6a41926cb0c6e85""},{""sizeMl"":100,""bottleType"":"""",""sellingPrice"":1700,""oilMlUsed"":45,""ethanolMlUsed"":55,""fixativeMlUsed"":0,""makingCost"":0,""bottleId"":""6a3fa86aa6a41926cb0c6e86""}]"
SRK,SR2,roll-on,,medium,all,,false,true,2026-06-27T19:12:25.798Z,2026-07-06T18:42:35.432Z,SRK,,0,0,"[{""sizeMl"":3,""bottleType"":"""",""sellingPrice"":0,""oilMlUsed"":3,""ethanolMlUsed"":0,""fixativeMlUsed"":0,""makingCost"":0,""bottleId"":""6a3fa869a6a41926cb0c6e7d""},{""sizeMl"":3.5,""bottleType"":"""",""sellingPrice"":0,""oilMlUsed"":3.5,""ethanolMlUsed"":0,""fixativeMlUsed"":0,""makingCost"":0,""bottleId"":""6a3fa869a6a41926cb0c6e7e""},{""sizeMl"":6,""bottleType"":"""",""sellingPrice"":0,""oilMlUsed"":6,""ethanolMlUsed"":0,""fixativeMlUsed"":0,""makingCost"":0,""bottleId"":""6a3fa869a6a41926cb0c6e7f""},{""sizeMl"":15,""bottleType"":"""",""sellingPrice"":0,""oilMlUsed"":15,""ethanolMlUsed"":0,""fixativeMlUsed"":0,""makingCost"":0,""bottleId"":""6a3fa869a6a41926cb0c6e80""},{""sizeMl"":30,""bottleType"":"""",""sellingPrice"":0,""oilMlUsed"":30,""ethanolMlUsed"":0,""fixativeMlUsed"":0,""makingCost"":0,""bottleId"":""6a3fa869a6a41926cb0c6e81""}]"
SRK,SR,roll-on,Medium oriental woody fragrance. Elegant evening scent.,medium,evening,oriental woody,false,true,2026-06-27T19:12:18.568Z,2026-07-06T19:29:47.144Z,SRK,,0,1550,"[{""sizeMl"":3,""bottleType"":"""",""sellingPrice"":0,""oilMlUsed"":3,""ethanolMlUsed"":0,""fixativeMlUsed"":0,""makingCost"":0,""bottleId"":""6a3fa869a6a41926cb0c6e7d""},{""sizeMl"":3.5,""bottleType"":"""",""sellingPrice"":220,""oilMlUsed"":3.5,""ethanolMlUsed"":0,""fixativeMlUsed"":0,""makingCost"":0,""bottleId"":""6a3fa869a6a41926cb0c6e7e""},{""sizeMl"":6,""bottleType"":"""",""sellingPrice"":400,""oilMlUsed"":6,""ethanolMlUsed"":0,""fixativeMlUsed"":0,""makingCost"":0,""bottleId"":""6a3fa869a6a41926cb0c6e7f""},{""sizeMl"":15,""bottleType"":"""",""sellingPrice"":780,""oilMlUsed"":15,""ethanolMlUsed"":0,""fixativeMlUsed"":0,""makingCost"":0,""bottleId"":""6a3fa869a6a41926cb0c6e80""},{""sizeMl"":30,""bottleType"":"""",""sellingPrice"":1550,""oilMlUsed"":30,""ethanolMlUsed"":0,""fixativeMlUsed"":0,""makingCost"":0,""bottleId"":""6a3fa869a6a41926cb0c6e81""}]"
SRK Spray,SR2_SP,spray,,medium,all,,false,true,2026-06-27T19:12:26.705Z,2026-07-06T19:59:28.897Z,,Dunhill Icon (43.87%); Diptyque tam dao (21.12%); Ethanol (35%),0,0,"[{""sizeMl"":6,""bottleType"":"""",""sellingPrice"":0,""oilMlUsed"":3.8993999999999995,""ethanolMlUsed"":2.1,""fixativeMlUsed"":0,""makingCost"":0,""bottleId"":""6a3fa86aa6a41926cb0c6e82""},{""sizeMl"":15,""bottleType"":"""",""sellingPrice"":0,""oilMlUsed"":9.7485,""ethanolMlUsed"":5.25,""fixativeMlUsed"":0,""makingCost"":0,""bottleId"":""6a3fa86aa6a41926cb0c6e83""},{""sizeMl"":30,""bottleType"":"""",""sellingPrice"":0,""oilMlUsed"":19.497,""ethanolMlUsed"":10.5,""fixativeMlUsed"":0,""makingCost"":0,""bottleId"":""6a3fa86aa6a41926cb0c6e84""},{""sizeMl"":50,""bottleType"":"""",""sellingPrice"":0,""oilMlUsed"":32.495,""ethanolMlUsed"":17.5,""fixativeMlUsed"":0,""makingCost"":0,""bottleId"":""6a3fa86aa6a41926cb0c6e85""},{""sizeMl"":100,""bottleType"":"""",""sellingPrice"":0,""oilMlUsed"":64.99,""ethanolMlUsed"":35,""fixativeMlUsed"":0,""makingCost"":0,""bottleId"":""6a3fa86aa6a41926cb0c6e86""}]"
SRK Spray,SR_SP,spray,Medium oriental woody fragrance. Elegant evening scent.,medium,evening,oriental woody,true,true,2026-06-27T19:12:19.521Z,2026-07-06T19:59:28.529Z,,Dunhill Icon (43.87%); Diptyque tam dao (21.12%); Ethanol (35%),380,2800,"[{""sizeMl"":6,""bottleType"":"""",""sellingPrice"":380,""oilMlUsed"":3.8993999999999995,""ethanolMlUsed"":2.1,""fixativeMlUsed"":0,""makingCost"":0,""bottleId"":""6a3fa86aa6a41926cb0c6e82""},{""sizeMl"":15,""bottleType"":"""",""sellingPrice"":900,""oilMlUsed"":9.7485,""ethanolMlUsed"":5.25,""fixativeMlUsed"":0,""makingCost"":0,""bottleId"":""6a3fa86aa6a41926cb0c6e83""},{""sizeMl"":30,""bottleType"":"""",""sellingPrice"":1600,""oilMlUsed"":19.497,""ethanolMlUsed"":10.5,""fixativeMlUsed"":0,""makingCost"":0,""bottleId"":""6a3fa86aa6a41926cb0c6e84""},{""sizeMl"":50,""bottleType"":"""",""sellingPrice"":1900,""oilMlUsed"":32.495,""ethanolMlUsed"":17.5,""fixativeMlUsed"":0,""makingCost"":0,""bottleId"":""6a3fa86aa6a41926cb0c6e85""},{""sizeMl"":100,""bottleType"":"""",""sellingPrice"":2800,""oilMlUsed"":64.99,""ethanolMlUsed"":35,""fixativeMlUsed"":0,""makingCost"":0,""bottleId"":""6a3fa86aa6a41926cb0c6e86""}]"
TubeRose,TubRos,roll-on,Floral creamy sweet fragrance. Perfect for romantic evenings.,medium,evening,floral creamy sweet,false,true,2026-06-27T19:11:33.019Z,2026-07-06T18:42:33.392Z,TubeRose,,0,1250,"[{""sizeMl"":3,""bottleType"":"""",""sellingPrice"":0,""oilMlUsed"":3,""ethanolMlUsed"":0,""fixativeMlUsed"":0,""makingCost"":0,""bottleId"":""6a3fa869a6a41926cb0c6e7d""},{""sizeMl"":3.5,""bottleType"":"""",""sellingPrice"":150,""oilMlUsed"":3.5,""ethanolMlUsed"":0,""fixativeMlUsed"":0,""makingCost"":0,""bottleId"":""6a3fa869a6a41926cb0c6e7e""},{""sizeMl"":6,""bottleType"":"""",""sellingPrice"":250,""oilMlUsed"":6,""ethanolMlUsed"":0,""fixativeMlUsed"":0,""makingCost"":0,""bottleId"":""6a3fa869a6a41926cb0c6e7f""},{""sizeMl"":15,""bottleType"":"""",""sellingPrice"":650,""oilMlUsed"":15,""ethanolMlUsed"":0,""fixativeMlUsed"":0,""makingCost"":0,""bottleId"":""6a3fa869a6a41926cb0c6e80""},{""sizeMl"":30,""bottleType"":"""",""sellingPrice"":1250,""oilMlUsed"":30,""ethanolMlUsed"":0,""fixativeMlUsed"":0,""makingCost"":0,""bottleId"":""6a3fa869a6a41926cb0c6e81""}]"
TubeRose Spray,TubRos_SP,spray,Floral creamy sweet fragrance. Perfect for romantic evenings.,medium,evening,floral creamy sweet,false,true,2026-06-27T19:11:33.883Z,2026-07-06T19:59:25.344Z,,TubeRose (45%); Ethanol (55%),300,1700,"[{""sizeMl"":6,""bottleType"":"""",""sellingPrice"":300,""oilMlUsed"":2.7,""ethanolMlUsed"":3.3,""fixativeMlUsed"":0,""makingCost"":0,""bottleId"":""6a3fa86aa6a41926cb0c6e82""},{""sizeMl"":15,""bottleType"":"""",""sellingPrice"":700,""oilMlUsed"":6.75,""ethanolMlUsed"":8.25,""fixativeMlUsed"":0,""makingCost"":0,""bottleId"":""6a3fa86aa6a41926cb0c6e83""},{""sizeMl"":30,""bottleType"":"""",""sellingPrice"":1000,""oilMlUsed"":13.5,""ethanolMlUsed"":16.5,""fixativeMlUsed"":0,""makingCost"":0,""bottleId"":""6a3fa86aa6a41926cb0c6e84""},{""sizeMl"":50,""bottleType"":"""",""sellingPrice"":1300,""oilMlUsed"":22.5,""ethanolMlUsed"":27.5,""fixativeMlUsed"":0,""makingCost"":0,""bottleId"":""6a3fa86aa6a41926cb0c6e85""},{""sizeMl"":100,""bottleType"":"""",""sellingPrice"":1700,""oilMlUsed"":45,""ethanolMlUsed"":55,""fixativeMlUsed"":0,""makingCost"":0,""bottleId"":""6a3fa86aa6a41926cb0c6e86""}]"
Ultra male,UltMal,roll-on,"Spicy, sweet, and woody aromatic blend. Strong and captivating for evening wear.",strong,evening,spicy sweet woody,false,true,2026-06-27T19:11:22.508Z,2026-07-06T18:42:32.994Z,Ultra male,,0,1250,"[{""sizeMl"":3,""bottleType"":"""",""sellingPrice"":0,""oilMlUsed"":3,""ethanolMlUsed"":0,""fixativeMlUsed"":0,""makingCost"":0,""bottleId"":""6a3fa869a6a41926cb0c6e7d""},{""sizeMl"":3.5,""bottleType"":"""",""sellingPrice"":150,""oilMlUsed"":3.5,""ethanolMlUsed"":0,""fixativeMlUsed"":0,""makingCost"":0,""bottleId"":""6a3fa869a6a41926cb0c6e7e""},{""sizeMl"":6,""bottleType"":"""",""sellingPrice"":250,""oilMlUsed"":6,""ethanolMlUsed"":0,""fixativeMlUsed"":0,""makingCost"":0,""bottleId"":""6a3fa869a6a41926cb0c6e7f""},{""sizeMl"":15,""bottleType"":"""",""sellingPrice"":650,""oilMlUsed"":15,""ethanolMlUsed"":0,""fixativeMlUsed"":0,""makingCost"":0,""bottleId"":""6a3fa869a6a41926cb0c6e80""},{""sizeMl"":30,""bottleType"":"""",""sellingPrice"":1250,""oilMlUsed"":30,""ethanolMlUsed"":0,""fixativeMlUsed"":0,""makingCost"":0,""bottleId"":""6a3fa869a6a41926cb0c6e81""}]"
Ultra male Spray,UltMal_SP,spray,"Spicy, sweet, and woody aromatic blend. Strong and captivating for evening wear.",strong,evening,spicy sweet woody,false,true,2026-06-27T19:11:23.390Z,2026-07-06T19:59:24.738Z,,Ultra male (45%); Ethanol (55%),300,1700,"[{""sizeMl"":6,""bottleType"":"""",""sellingPrice"":300,""oilMlUsed"":2.7,""ethanolMlUsed"":3.3,""fixativeMlUsed"":0,""makingCost"":0,""bottleId"":""6a3fa86aa6a41926cb0c6e82""},{""sizeMl"":15,""bottleType"":"""",""sellingPrice"":700,""oilMlUsed"":6.75,""ethanolMlUsed"":8.25,""fixativeMlUsed"":0,""makingCost"":0,""bottleId"":""6a3fa86aa6a41926cb0c6e83""},{""sizeMl"":30,""bottleType"":"""",""sellingPrice"":1000,""oilMlUsed"":13.5,""ethanolMlUsed"":16.5,""fixativeMlUsed"":0,""makingCost"":0,""bottleId"":""6a3fa86aa6a41926cb0c6e84""},{""sizeMl"":50,""bottleType"":"""",""sellingPrice"":1300,""oilMlUsed"":22.5,""ethanolMlUsed"":27.5,""fixativeMlUsed"":0,""makingCost"":0,""bottleId"":""6a3fa86aa6a41926cb0c6e85""},{""sizeMl"":100,""bottleType"":"""",""sellingPrice"":1700,""oilMlUsed"":45,""ethanolMlUsed"":55,""fixativeMlUsed"":0,""makingCost"":0,""bottleId"":""6a3fa86aa6a41926cb0c6e86""}]"
Vampire B.,VampB,roll-on,"Deep, mysterious oriental scent with spicy and woody undertones. Best for special evenings.",strong,evening,oriental spicy woody,true,true,2026-06-27T19:11:17.183Z,2026-07-06T18:42:32.793Z,Vampire B.,,0,1650,"[{""sizeMl"":3,""bottleType"":"""",""sellingPrice"":0,""oilMlUsed"":3,""ethanolMlUsed"":0,""fixativeMlUsed"":0,""makingCost"":0,""bottleId"":""6a3fa869a6a41926cb0c6e7d""},{""sizeMl"":3.5,""bottleType"":"""",""sellingPrice"":200,""oilMlUsed"":3.5,""ethanolMlUsed"":0,""fixativeMlUsed"":0,""makingCost"":0,""bottleId"":""6a3fa869a6a41926cb0c6e7e""},{""sizeMl"":6,""bottleType"":"""",""sellingPrice"":300,""oilMlUsed"":6,""ethanolMlUsed"":0,""fixativeMlUsed"":0,""makingCost"":0,""bottleId"":""6a3fa869a6a41926cb0c6e7f""},{""sizeMl"":15,""bottleType"":"""",""sellingPrice"":800,""oilMlUsed"":15,""ethanolMlUsed"":0,""fixativeMlUsed"":0,""makingCost"":0,""bottleId"":""6a3fa869a6a41926cb0c6e80""},{""sizeMl"":30,""bottleType"":"""",""sellingPrice"":1650,""oilMlUsed"":30,""ethanolMlUsed"":0,""fixativeMlUsed"":0,""makingCost"":0,""bottleId"":""6a3fa869a6a41926cb0c6e81""}]"
Vampire B. Spray,VampB_SP,spray,"Deep, mysterious oriental scent with spicy and woody undertones. Best for special evenings.",strong,evening,oriental spicy woody,true,true,2026-06-27T19:11:18.200Z,2026-07-06T19:59:24.373Z,,Vampire B. (45%); Ethanol (55%),350,2200,"[{""sizeMl"":6,""bottleType"":"""",""sellingPrice"":350,""oilMlUsed"":2.7,""ethanolMlUsed"":3.3,""fixativeMlUsed"":0,""makingCost"":0,""bottleId"":""6a3fa86aa6a41926cb0c6e82""},{""sizeMl"":15,""bottleType"":"""",""sellingPrice"":850,""oilMlUsed"":6.75,""ethanolMlUsed"":8.25,""fixativeMlUsed"":0,""makingCost"":0,""bottleId"":""6a3fa86aa6a41926cb0c6e83""},{""sizeMl"":30,""bottleType"":"""",""sellingPrice"":1500,""oilMlUsed"":13.5,""ethanolMlUsed"":16.5,""fixativeMlUsed"":0,""makingCost"":0,""bottleId"":""6a3fa86aa6a41926cb0c6e84""},{""sizeMl"":50,""bottleType"":"""",""sellingPrice"":1900,""oilMlUsed"":22.5,""ethanolMlUsed"":27.5,""fixativeMlUsed"":0,""makingCost"":0,""bottleId"":""6a3fa86aa6a41926cb0c6e85""},{""sizeMl"":100,""bottleType"":"""",""sellingPrice"":2200,""oilMlUsed"":45,""ethanolMlUsed"":55,""fixativeMlUsed"":0,""makingCost"":0,""bottleId"":""6a3fa86aa6a41926cb0c6e86""}]"
Vanila,Vanil,roll-on,"Warm, sweet vanilla fragrance with light intensity. Perfect for all-day comfort.",light,all,vanilla sweet warm,false,true,2026-06-27T19:11:38.248Z,2026-07-06T18:42:33.593Z,Vanila,,0,1250,"[{""sizeMl"":3,""bottleType"":"""",""sellingPrice"":0,""oilMlUsed"":3,""ethanolMlUsed"":0,""fixativeMlUsed"":0,""makingCost"":0,""bottleId"":""6a3fa869a6a41926cb0c6e7d""},{""sizeMl"":3.5,""bottleType"":"""",""sellingPrice"":150,""oilMlUsed"":3.5,""ethanolMlUsed"":0,""fixativeMlUsed"":0,""makingCost"":0,""bottleId"":""6a3fa869a6a41926cb0c6e7e""},{""sizeMl"":6,""bottleType"":"""",""sellingPrice"":250,""oilMlUsed"":6,""ethanolMlUsed"":0,""fixativeMlUsed"":0,""makingCost"":0,""bottleId"":""6a3fa869a6a41926cb0c6e7f""},{""sizeMl"":15,""bottleType"":"""",""sellingPrice"":650,""oilMlUsed"":15,""ethanolMlUsed"":0,""fixativeMlUsed"":0,""makingCost"":0,""bottleId"":""6a3fa869a6a41926cb0c6e80""},{""sizeMl"":30,""bottleType"":"""",""sellingPrice"":1250,""oilMlUsed"":30,""ethanolMlUsed"":0,""fixativeMlUsed"":0,""makingCost"":0,""bottleId"":""6a3fa869a6a41926cb0c6e81""}]"
Vanila Spray,Vanil_SP,spray,"Warm, sweet vanilla fragrance with light intensity. Perfect for all-day comfort.",light,all,vanilla sweet warm,false,true,2026-06-27T19:11:39.128Z,2026-07-06T19:59:25.719Z,,Vanila (45%); Ethanol (55%),300,1700,"[{""sizeMl"":6,""bottleType"":"""",""sellingPrice"":300,""oilMlUsed"":2.7,""ethanolMlUsed"":3.3,""fixativeMlUsed"":0,""makingCost"":0,""bottleId"":""6a3fa86aa6a41926cb0c6e82""},{""sizeMl"":15,""bottleType"":"""",""sellingPrice"":700,""oilMlUsed"":6.75,""ethanolMlUsed"":8.25,""fixativeMlUsed"":0,""makingCost"":0,""bottleId"":""6a3fa86aa6a41926cb0c6e83""},{""sizeMl"":30,""bottleType"":"""",""sellingPrice"":1000,""oilMlUsed"":13.5,""ethanolMlUsed"":16.5,""fixativeMlUsed"":0,""makingCost"":0,""bottleId"":""6a3fa86aa6a41926cb0c6e84""},{""sizeMl"":50,""bottleType"":"""",""sellingPrice"":1300,""oilMlUsed"":22.5,""ethanolMlUsed"":27.5,""fixativeMlUsed"":0,""makingCost"":0,""bottleId"":""6a3fa86aa6a41926cb0c6e85""},{""sizeMl"":100,""bottleType"":"""",""sellingPrice"":1700,""oilMlUsed"":45,""ethanolMlUsed"":55,""fixativeMlUsed"":0,""makingCost"":0,""bottleId"":""6a3fa86aa6a41926cb0c6e86""}]"
Versace EROS,VerEros,roll-on,"Fresh mint and vanilla fragrance with a strong, captivating presence. Ideal for evening wear.",strong,evening,fresh mint vanilla,false,true,2026-06-27T19:11:13.641Z,2026-07-06T18:42:32.655Z,Versace EROS,,0,1250,"[{""sizeMl"":3,""bottleType"":"""",""sellingPrice"":0,""oilMlUsed"":3,""ethanolMlUsed"":0,""fixativeMlUsed"":0,""makingCost"":0,""bottleId"":""6a3fa869a6a41926cb0c6e7d""},{""sizeMl"":3.5,""bottleType"":"""",""sellingPrice"":150,""oilMlUsed"":3.5,""ethanolMlUsed"":0,""fixativeMlUsed"":0,""makingCost"":0,""bottleId"":""6a3fa869a6a41926cb0c6e7e""},{""sizeMl"":6,""bottleType"":"""",""sellingPrice"":250,""oilMlUsed"":6,""ethanolMlUsed"":0,""fixativeMlUsed"":0,""makingCost"":0,""bottleId"":""6a3fa869a6a41926cb0c6e7f""},{""sizeMl"":15,""bottleType"":"""",""sellingPrice"":650,""oilMlUsed"":15,""ethanolMlUsed"":0,""fixativeMlUsed"":0,""makingCost"":0,""bottleId"":""6a3fa869a6a41926cb0c6e80""},{""sizeMl"":30,""bottleType"":"""",""sellingPrice"":1250,""oilMlUsed"":30,""ethanolMlUsed"":0,""fixativeMlUsed"":0,""makingCost"":0,""bottleId"":""6a3fa869a6a41926cb0c6e81""}]"
Versace EROS Spray,VerEros_SP,spray,"Fresh mint and vanilla fragrance with a strong, captivating presence. Ideal for evening wear.",strong,evening,fresh mint vanilla,false,true,2026-06-27T19:11:14.488Z,2026-07-06T19:59:24.138Z,,Versace EROS (45%); Ethanol (55%),300,1700,"[{""sizeMl"":6,""bottleType"":"""",""sellingPrice"":300,""oilMlUsed"":2.7,""ethanolMlUsed"":3.3,""fixativeMlUsed"":0,""makingCost"":0,""bottleId"":""6a3fa86aa6a41926cb0c6e82""},{""sizeMl"":15,""bottleType"":"""",""sellingPrice"":700,""oilMlUsed"":6.75,""ethanolMlUsed"":8.25,""fixativeMlUsed"":0,""makingCost"":0,""bottleId"":""6a3fa86aa6a41926cb0c6e83""},{""sizeMl"":30,""bottleType"":"""",""sellingPrice"":1000,""oilMlUsed"":13.5,""ethanolMlUsed"":16.5,""fixativeMlUsed"":0,""makingCost"":0,""bottleId"":""6a3fa86aa6a41926cb0c6e84""},{""sizeMl"":50,""bottleType"":"""",""sellingPrice"":1300,""oilMlUsed"":22.5,""ethanolMlUsed"":27.5,""fixativeMlUsed"":0,""makingCost"":0,""bottleId"":""6a3fa86aa6a41926cb0c6e85""},{""sizeMl"":100,""bottleType"":"""",""sellingPrice"":1700,""oilMlUsed"":45,""ethanolMlUsed"":55,""fixativeMlUsed"":0,""makingCost"":0,""bottleId"":""6a3fa86aa6a41926cb0c6e86""}]"
White Oud,WO,roll-on,Strong woody oud fragrance. A sophisticated evening scent.,strong,evening,oud woody,false,true,2026-06-27T19:12:02.620Z,2026-07-06T18:42:34.534Z,White Oud,,0,1500,"[{""sizeMl"":3,""bottleType"":"""",""sellingPrice"":0,""oilMlUsed"":3,""ethanolMlUsed"":0,""fixativeMlUsed"":0,""makingCost"":0,""bottleId"":""6a3fa869a6a41926cb0c6e7d""},{""sizeMl"":3.5,""bottleType"":"""",""sellingPrice"":180,""oilMlUsed"":3.5,""ethanolMlUsed"":0,""fixativeMlUsed"":0,""makingCost"":0,""bottleId"":""6a3fa869a6a41926cb0c6e7e""},{""sizeMl"":6,""bottleType"":"""",""sellingPrice"":280,""oilMlUsed"":6,""ethanolMlUsed"":0,""fixativeMlUsed"":0,""makingCost"":0,""bottleId"":""6a3fa869a6a41926cb0c6e7f""},{""sizeMl"":15,""bottleType"":"""",""sellingPrice"":750,""oilMlUsed"":15,""ethanolMlUsed"":0,""fixativeMlUsed"":0,""makingCost"":0,""bottleId"":""6a3fa869a6a41926cb0c6e80""},{""sizeMl"":30,""bottleType"":"""",""sellingPrice"":1500,""oilMlUsed"":30,""ethanolMlUsed"":0,""fixativeMlUsed"":0,""makingCost"":0,""bottleId"":""6a3fa869a6a41926cb0c6e81""}]"
White Oud Spray,WO_SP,spray,Strong woody oud fragrance. A sophisticated evening scent.,strong,evening,oud woody,false,true,2026-06-27T19:12:03.558Z,2026-07-06T19:59:27.417Z,,White Oud (45%); Ethanol (55%),330,1650,"[{""sizeMl"":6,""bottleType"":"""",""sellingPrice"":330,""oilMlUsed"":2.7,""ethanolMlUsed"":3.3,""fixativeMlUsed"":0,""makingCost"":0,""bottleId"":""6a3fa86aa6a41926cb0c6e82""},{""sizeMl"":15,""bottleType"":"""",""sellingPrice"":780,""oilMlUsed"":6.75,""ethanolMlUsed"":8.25,""fixativeMlUsed"":0,""makingCost"":0,""bottleId"":""6a3fa86aa6a41926cb0c6e83""},{""sizeMl"":30,""bottleType"":"""",""sellingPrice"":1050,""oilMlUsed"":13.5,""ethanolMlUsed"":16.5,""fixativeMlUsed"":0,""makingCost"":0,""bottleId"":""6a3fa86aa6a41926cb0c6e84""},{""sizeMl"":50,""bottleType"":"""",""sellingPrice"":1300,""oilMlUsed"":22.5,""ethanolMlUsed"":27.5,""fixativeMlUsed"":0,""makingCost"":0,""bottleId"":""6a3fa86aa6a41926cb0c6e85""},{""sizeMl"":100,""bottleType"":"""",""sellingPrice"":1650,""oilMlUsed"":45,""ethanolMlUsed"":55,""fixativeMlUsed"":0,""makingCost"":0,""bottleId"":""6a3fa86aa6a41926cb0c6e86""}]"
kacha beli,KacBel,roll-on,Light fruity sweet fragrance. Fresh and cheerful for daytime.,light,daytime,fruity sweet,false,true,2026-06-27T19:11:50.444Z,2026-07-06T18:42:34.067Z,kacha beli,,0,1250,"[{""sizeMl"":3,""bottleType"":"""",""sellingPrice"":0,""oilMlUsed"":3,""ethanolMlUsed"":0,""fixativeMlUsed"":0,""makingCost"":0,""bottleId"":""6a3fa869a6a41926cb0c6e7d""},{""sizeMl"":3.5,""bottleType"":"""",""sellingPrice"":150,""oilMlUsed"":3.5,""ethanolMlUsed"":0,""fixativeMlUsed"":0,""makingCost"":0,""bottleId"":""6a3fa869a6a41926cb0c6e7e""},{""sizeMl"":6,""bottleType"":"""",""sellingPrice"":250,""oilMlUsed"":6,""ethanolMlUsed"":0,""fixativeMlUsed"":0,""makingCost"":0,""bottleId"":""6a3fa869a6a41926cb0c6e7f""},{""sizeMl"":15,""bottleType"":"""",""sellingPrice"":650,""oilMlUsed"":15,""ethanolMlUsed"":0,""fixativeMlUsed"":0,""makingCost"":0,""bottleId"":""6a3fa869a6a41926cb0c6e80""},{""sizeMl"":30,""bottleType"":"""",""sellingPrice"":1250,""oilMlUsed"":30,""ethanolMlUsed"":0,""fixativeMlUsed"":0,""makingCost"":0,""bottleId"":""6a3fa869a6a41926cb0c6e81""}]"
kacha beli Spray,KacBel_SP,spray,Light fruity sweet fragrance. Fresh and cheerful for daytime.,light,daytime,fruity sweet,false,true,2026-06-27T19:11:51.328Z,2026-07-06T19:59:26.568Z,,kacha beli (45%); Ethanol (55%),300,1700,"[{""sizeMl"":6,""bottleType"":"""",""sellingPrice"":300,""oilMlUsed"":2.7,""ethanolMlUsed"":3.3,""fixativeMlUsed"":0,""makingCost"":0,""bottleId"":""6a3fa86aa6a41926cb0c6e82""},{""sizeMl"":15,""bottleType"":"""",""sellingPrice"":700,""oilMlUsed"":6.75,""ethanolMlUsed"":8.25,""fixativeMlUsed"":0,""makingCost"":0,""bottleId"":""6a3fa86aa6a41926cb0c6e83""},{""sizeMl"":30,""bottleType"":"""",""sellingPrice"":1000,""oilMlUsed"":13.5,""ethanolMlUsed"":16.5,""fixativeMlUsed"":0,""makingCost"":0,""bottleId"":""6a3fa86aa6a41926cb0c6e84""},{""sizeMl"":50,""bottleType"":"""",""sellingPrice"":1300,""oilMlUsed"":22.5,""ethanolMlUsed"":27.5,""fixativeMlUsed"":0,""makingCost"":0,""bottleId"":""6a3fa86aa6a41926cb0c6e85""},{""sizeMl"":100,""bottleType"":"""",""sellingPrice"":1700,""oilMlUsed"":45,""ethanolMlUsed"":55,""fixativeMlUsed"":0,""makingCost"":0,""bottleId"":""6a3fa86aa6a41926cb0c6e86""}]"
victoriya secret,VicSec,roll-on,Seductive floral and vanilla fragrance. Light and sweet for daytime.,light,daytime,floral vanilla sweet,false,true,2026-06-27T19:11:27.711Z,2026-07-06T18:42:33.197Z,victoriya secret,,0,1500,"[{""sizeMl"":3,""bottleType"":"""",""sellingPrice"":0,""oilMlUsed"":3,""ethanolMlUsed"":0,""fixativeMlUsed"":0,""makingCost"":0,""bottleId"":""6a3fa869a6a41926cb0c6e7d""},{""sizeMl"":3.5,""bottleType"":"""",""sellingPrice"":180,""oilMlUsed"":3.5,""ethanolMlUsed"":0,""fixativeMlUsed"":0,""makingCost"":0,""bottleId"":""6a3fa869a6a41926cb0c6e7e""},{""sizeMl"":6,""bottleType"":"""",""sellingPrice"":280,""oilMlUsed"":6,""ethanolMlUsed"":0,""fixativeMlUsed"":0,""makingCost"":0,""bottleId"":""6a3fa869a6a41926cb0c6e7f""},{""sizeMl"":15,""bottleType"":"""",""sellingPrice"":750,""oilMlUsed"":15,""ethanolMlUsed"":0,""fixativeMlUsed"":0,""makingCost"":0,""bottleId"":""6a3fa869a6a41926cb0c6e80""},{""sizeMl"":30,""bottleType"":"""",""sellingPrice"":1500,""oilMlUsed"":30,""ethanolMlUsed"":0,""fixativeMlUsed"":0,""makingCost"":0,""bottleId"":""6a3fa869a6a41926cb0c6e81""}]"
victoriya secret Spray,VicSec_SP,spray,Seductive floral and vanilla fragrance. Light and sweet for daytime.,light,daytime,floral vanilla sweet,true,true,2026-06-27T19:11:28.570Z,2026-07-06T19:59:24.975Z,,victoriya secret (45%); Ethanol (55%),750,1650,"[{""sizeMl"":6,""bottleType"":"""",""sellingPrice"":750,""oilMlUsed"":2.7,""ethanolMlUsed"":3.3,""fixativeMlUsed"":0,""makingCost"":0,""bottleId"":""6a3fa86aa6a41926cb0c6e82""},{""sizeMl"":15,""bottleType"":"""",""sellingPrice"":1500,""oilMlUsed"":6.75,""ethanolMlUsed"":8.25,""fixativeMlUsed"":0,""makingCost"":0,""bottleId"":""6a3fa86aa6a41926cb0c6e83""},{""sizeMl"":30,""bottleType"":"""",""sellingPrice"":1050,""oilMlUsed"":13.5,""ethanolMlUsed"":16.5,""fixativeMlUsed"":0,""makingCost"":0,""bottleId"":""6a3fa86aa6a41926cb0c6e84""},{""sizeMl"":50,""bottleType"":"""",""sellingPrice"":1300,""oilMlUsed"":22.5,""ethanolMlUsed"":27.5,""fixativeMlUsed"":0,""makingCost"":0,""bottleId"":""6a3fa86aa6a41926cb0c6e85""},{""sizeMl"":100,""bottleType"":"""",""sellingPrice"":1650,""oilMlUsed"":45,""ethanolMlUsed"":55,""fixativeMlUsed"":0,""makingCost"":0,""bottleId"":""6a3fa86aa6a41926cb0c6e86""}]"